org_id,org_name,project_id,project_name,total_ignores,ignore_details
fa3e0bb5-3503-4743-a6a9-2f3053f9e6dc,ApacheStruts-CVE-2018-11776,a3525e20-fa4e-43fe-829a-4aa0f6148bdb,freshdemo/ApacheStruts-CVE-2018-11776(master):Dockerfile,0,No ignores data available
13dce23d-265b-4303-894f-1df2ee00d8a1,cloudsec.ninjastars.cloud,81b286d2-3d4b-4321-8eca-75c8d73c0c22,freshdemo/cloudsec.ninjastars.cloud(main):Gemfile.lock,0,No ignores data available
a9247726-f12a-4a11-8895-3fde3dcdcc91,Customer Facing Apps,e409b103-ac70-4f65-879a-14242f45b06d,stephen-snyk/snyk-goof,0,No ignores data available
a9247726-f12a-4a11-8895-3fde3dcdcc91,Customer Facing Apps,7eeec2f3-2b83-4d19-b96a-f6f3a995fc09,stephen-snyk/snyk-goof:package.json,0,No ignores data available
a9247726-f12a-4a11-8895-3fde3dcdcc91,Customer Facing Apps,d89f7ec5-8980-49b0-a34f-cb54abc9158b,stephen-snyk/snyk-goof:Dockerfile,0,No ignores data available
a9247726-f12a-4a11-8895-3fde3dcdcc91,Customer Facing Apps,35d47174-75e5-4792-8295-2bf2430ef712,freshdemo/pan-aws-cloudformation,0,No ignores data available
a9247726-f12a-4a11-8895-3fde3dcdcc91,Customer Facing Apps,29e358cf-b502-4765-a611-f329c6942260,freshdemo/pan-aws-cloudformation:pan-sample-cft-V4.json,0,No ignores data available
a9247726-f12a-4a11-8895-3fde3dcdcc91,Customer Facing Apps,aeaccd64-0df7-4dc7-80a5-7ed60bab7d3b,freshdemo/ansible-panw,0,No ignores data available
a9247726-f12a-4a11-8895-3fde3dcdcc91,Customer Facing Apps,686f01ca-855c-443a-a29b-6570155d15ea,freshdemo/ansible-panw:Dockerfile,0,No ignores data available
a9247726-f12a-4a11-8895-3fde3dcdcc91,Customer Facing Apps,c2e87a48-4b74-4a0c-92ae-7e4b52334b8d,freshdemo/maltrieve:latest:/home/nonroot/maltrieve/requirements.txt,0,No ignores data available
a9247726-f12a-4a11-8895-3fde3dcdcc91,Customer Facing Apps,d4df499e-abc1-4bfd-a37e-cb6f7079196a,freshdemo/maltrieve:latest,0,No ignores data available
a9247726-f12a-4a11-8895-3fde3dcdcc91,Customer Facing Apps,5b7e3b36-f4ab-402e-812b-1eb261560d71,freshdemo/snyk-goof:package.json,0,No ignores data available
a9247726-f12a-4a11-8895-3fde3dcdcc91,Customer Facing Apps,8042c1eb-665b-4ac1-8e12-c50409bca215,freshdemo/snyk-goof,0,No ignores data available
a9247726-f12a-4a11-8895-3fde3dcdcc91,Customer Facing Apps,9c8e6d74-f5fd-467a-a6bd-ebc5b747918a,freshdemo/snyk-goof:Dockerfile,0,No ignores data available
a9247726-f12a-4a11-8895-3fde3dcdcc91,Customer Facing Apps,8abaa40d-46ef-4c17-9cee-4a1455f458ad,freshdemo/pi-docker-graphite-collectd,0,No ignores data available
a9247726-f12a-4a11-8895-3fde3dcdcc91,Customer Facing Apps,2aefdb55-418d-4f4c-92f9-027439bde19a,freshdemo/cloudflare-demo-core,0,No ignores data available
a9247726-f12a-4a11-8895-3fde3dcdcc91,Customer Facing Apps,5eeae833-054a-48b3-b45f-b8317e52b082,freshdemo/pi-docker-graphite-collectd:Dockerfile,0,No ignores data available
a9247726-f12a-4a11-8895-3fde3dcdcc91,Customer Facing Apps,02167aaa-c08d-429b-9954-23516c6fbe75,freshdemo/graphite-collectd-ubuntu:Dockerfile,0,No ignores data available
a9247726-f12a-4a11-8895-3fde3dcdcc91,Customer Facing Apps,59611581-8d3d-48e8-a517-e1707288c38e,freshdemo/cloudflare-demo-core:workers.tf,0,No ignores data available
a9247726-f12a-4a11-8895-3fde3dcdcc91,Customer Facing Apps,2b2aaef2-1c87-43a4-aa93-0c9a994a525e,freshdemo/cloudflare-demo-core:waf.tf,0,No ignores data available
a9247726-f12a-4a11-8895-3fde3dcdcc91,Customer Facing Apps,4c5ee9df-03ba-4fe1-8408-909d256e5e67,freshdemo/cloudflare-demo-core:variables.tf,0,No ignores data available
a9247726-f12a-4a11-8895-3fde3dcdcc91,Customer Facing Apps,f5c32b0b-d09f-4925-a06d-34f8368e0e37,freshdemo/cloudflare-demo-core:spectrum.tf,0,No ignores data available
a9247726-f12a-4a11-8895-3fde3dcdcc91,Customer Facing Apps,34868a0e-28ae-4df2-be96-461d6f7fa29a,freshdemo/cloudflare-demo-core:ratelimit.tf,0,No ignores data available
a9247726-f12a-4a11-8895-3fde3dcdcc91,Customer Facing Apps,8e188f0f-952a-4ec6-a1d5-ddd31d111eb2,freshdemo/cloudflare-demo-core:main.tf,0,No ignores data available
a9247726-f12a-4a11-8895-3fde3dcdcc91,Customer Facing Apps,a2e8bb29-f1d1-4f5f-8476-18ae15a12a5f,freshdemo/cloudflare-demo-core:origin2.tf,0,No ignores data available
a9247726-f12a-4a11-8895-3fde3dcdcc91,Customer Facing Apps,200239ca-bec1-4aa2-a6ab-3df7a4b224b4,freshdemo/cloudflare-demo-core:origin1.tf,0,No ignores data available
a9247726-f12a-4a11-8895-3fde3dcdcc91,Customer Facing Apps,94ae09ee-eced-40cb-ae31-9d3a86705308,freshdemo/cloudflare-demo-core:firewallrules.tf,0,No ignores data available
a9247726-f12a-4a11-8895-3fde3dcdcc91,Customer Facing Apps,0bfe5f16-b223-44ba-9c8f-7daedffac404,freshdemo/cloudflare-demo-core:loadbalancer.tf,0,No ignores data available
a9247726-f12a-4a11-8895-3fde3dcdcc91,Customer Facing Apps,40fb9e23-c659-4572-976b-adf50505b42a,freshdemo/cloudflare-demo-core:dns.tf,0,No ignores data available
a9247726-f12a-4a11-8895-3fde3dcdcc91,Customer Facing Apps,7939ff3a-600f-4ee9-8d8b-fdf443d5b652,freshdemo/cloudflare-demo-core:argo.tf,0,No ignores data available
a9247726-f12a-4a11-8895-3fde3dcdcc91,Customer Facing Apps,4198007e-b8eb-43fe-8326-7e3814f56030,freshdemo/cloudflare-demo-core:access.tf,0,No ignores data available
9caebde0-47f4-42f4-a8fb-91f701b7eb98,devops.ninjastars.cloud,85955c95-06d0-401b-b432-7146767f4c23,freshdemo/devops.ninjastars.cloud(main):Gemfile.lock,0,No ignores data available
d56a653d-909a-43c3-a13a-5da8191016ba,dotnet-goof-azure,8321f4db-d38b-472d-afc1-aeee080b2859,Development/Goof-dotnet(main):dotNETGoofV2.Website/dotNETGoofV2.Website.csproj,0,No ignores data available
d56a653d-909a-43c3-a13a-5da8191016ba,dotnet-goof-azure,d47ff7a4-47fe-4ccd-b893-7f74275059d5,Development/Goof-dotnet(main),0,No ignores data available
5ea4d9f3-638d-4d5a-a5a4-3676e85130ad,estateorganizer.ca,5b489f6a-6c1a-49fe-bd62-9aeb56967a64,freshdemo/estateorganizer(main):Gemfile.lock,0,No ignores data available
fc2350cf-225e-47e2-8fa7-dcf9651b6328,ftpovertls,5f4c5fbc-48d7-4e29-8f05-ba8da6298c33,freshdemo/ftpovertls:latest,0,No ignores data available
fc2350cf-225e-47e2-8fa7-dcf9651b6328,ftpovertls,4fa8ab22-ecbb-4f85-b4d6-d2b5b2cb48cf,freshdemo/ftpovertls(master):Dockerfile,0,No ignores data available
00097656-c249-43c6-8c71-0388d2129c73,IaC,2be732d7-e907-4ffc-8ab5-e91523a80aec,stephen-snyk/aws-terraform:spec/rules/PERCI_004/inputs/PERCI_SPEC_004.tf,0,No ignores data available
00097656-c249-43c6-8c71-0388d2129c73,IaC,2134e15d-e2e3-4c50-ac6e-6b9643dfd896,stephen-snyk/aws-terraform:spec/rules/PERCI_001/inputs/PERCI_SPEC_001.tf,0,No ignores data available
00097656-c249-43c6-8c71-0388d2129c73,IaC,753a2290-0977-434f-b9ed-497f7238e3d6,stephen-snyk/aws-terraform:main.tf,0,No ignores data available
00097656-c249-43c6-8c71-0388d2129c73,IaC,01b5e848-34da-4404-928b-9df2750f160a,stephen-snyk/aws-terraform:tf-plan.json,0,No ignores data available
00097656-c249-43c6-8c71-0388d2129c73,IaC,f34eb3fc-f6c2-40c9-ad33-dce754736e95,stephen-snyk/aws-terraform:spec/rules/PERCI_002/inputs/PERCI_002_spec.tf,0,No ignores data available
00097656-c249-43c6-8c71-0388d2129c73,IaC,c3567dfd-7924-4c45-9f07-56e37bd5cea0,stephen-snyk/aws-terraform:s3.tf,0,No ignores data available
00097656-c249-43c6-8c71-0388d2129c73,IaC,f5de2e6b-f1d8-4c1d-97f7-b875690c6d5b,stephen-snyk/aws-terraform:s3.tf,0,No ignores data available
00097656-c249-43c6-8c71-0388d2129c73,IaC,4e3e4421-2f33-4218-87a8-4b609e02b063,stephen-snyk/aws-terraform:spec/rules/PERCI_004/inputs/PERCI_SPEC_004.tf,0,No ignores data available
00097656-c249-43c6-8c71-0388d2129c73,IaC,5a2c46c7-97cf-433e-8a0f-347aca035f04,stephen-snyk/aws-terraform:spec/rules/PERCI_002/inputs/PERCI_002_spec.tf,0,No ignores data available
00097656-c249-43c6-8c71-0388d2129c73,IaC,fc272c8c-5595-477e-a2a2-0c0ee659f601,stephen-snyk/aws-terraform:spec/rules/PERCI_001/inputs/PERCI_SPEC_001.tf,0,No ignores data available
00097656-c249-43c6-8c71-0388d2129c73,IaC,404f6c27-f98a-4006-b6e4-a7806fee0e59,stephen-snyk/aws-terraform:main.tf,0,No ignores data available
edf76885-7180-4efc-8fb5-741e619d2d36,IaCPlus,892f1743-ee78-417d-a715-92bebe01ea10,stephen-snyk/aws-terraform:IaC Issues,0,No ignores data available
92df0a82-2f54-47b3-9486-5478e3857611,Internal Apps,ba9ef91a-e99a-4fc2-9fcb-ddc07e03ae80,alexeisnyk/AltoroJ(AltoroJ-3.2),0,No ignores data available
92df0a82-2f54-47b3-9486-5478e3857611,Internal Apps,77f43ca3-12f6-42bf-a9b6-29790877161e,alexeisnyk/AltoroJ(AltoroJ-3.2):build.gradle,0,No ignores data available
92df0a82-2f54-47b3-9486-5478e3857611,Internal Apps,9bfc7ec3-ddad-40bb-9e3c-8eba11666867,docker-image|freshdemo/myhttpd,0,No ignores data available
92df0a82-2f54-47b3-9486-5478e3857611,Internal Apps,f0221406-bbe8-4e1d-9118-b7e27163ca56,freshdemo/todolist-goof:latest,0,No ignores data available
92df0a82-2f54-47b3-9486-5478e3857611,Internal Apps,ed8ce375-053c-4aa2-8a42-ec7b2cdfcb5f,freshdemo/todolist-goof:latest:/usr/local/tomcat/webapps/todolist/WEB-INF/lib,0,No ignores data available
92df0a82-2f54-47b3-9486-5478e3857611,Internal Apps,45cb5ecf-3453-492f-8577-25e3cd465dea,freshdemo/todolist-goof:latest:/usr/local/tomcat/lib,0,No ignores data available
92df0a82-2f54-47b3-9486-5478e3857611,Internal Apps,e1dcd690-5631-435e-8527-c0f2989168f6,freshdemo/todolist-goof:latest:/usr/local/tomcat/webapps/examples/WEB-INF/lib,0,No ignores data available
92df0a82-2f54-47b3-9486-5478e3857611,Internal Apps,4bcaa243-111d-4e7e-be51-dab341c61c41,freshdemo/todolist-goof:latest:/usr/local/tomcat/bin,0,No ignores data available
92df0a82-2f54-47b3-9486-5478e3857611,Internal Apps,da5a0d5e-c4ec-4225-acb9-b0e87140dbbd,freshdemo/gitlab-ce:latest:/opt/gitlab/embedded/service/gitlab-shell/bin/gitlab-sshd,0,No ignores data available
92df0a82-2f54-47b3-9486-5478e3857611,Internal Apps,dd77e57f-ed27-4d94-81c8-7638f8745841,freshdemo/gitlab-ce:latest:/opt/gitlab/embedded/service/gitlab-shell/bin/gitlab-shell-authorized-principals-check,0,No ignores data available
92df0a82-2f54-47b3-9486-5478e3857611,Internal Apps,cf764e80-bba5-49cf-93c8-5e99aff56c93,freshdemo/gitlab-ce:latest:/opt/gitlab/embedded/service/gitlab-shell/bin/gitlab-shell-authorized-keys-check,0,No ignores data available
92df0a82-2f54-47b3-9486-5478e3857611,Internal Apps,131ad928-c707-4c11-b1e7-d4195efab47a,freshdemo/gitlab-ce:latest:/opt/gitlab/embedded/service/gitlab-shell/bin/gitlab-shell,0,No ignores data available
92df0a82-2f54-47b3-9486-5478e3857611,Internal Apps,6ad02c52-5d6c-45b9-b054-d12624bbeaef,freshdemo/gitlab-ce:latest:/opt/gitlab/embedded/service/gitlab-shell/bin/check,0,No ignores data available
92df0a82-2f54-47b3-9486-5478e3857611,Internal Apps,34934dda-4a4b-41f0-99e5-f5376fe4a596,freshdemo/gitlab-ce:latest:/opt/gitlab/embedded/bin/registry,0,No ignores data available
92df0a82-2f54-47b3-9486-5478e3857611,Internal Apps,87e748a2-1852-4c58-9c77-9760a2966a22,freshdemo/gitlab-ce:latest:/opt/gitlab/embedded/bin/registry-api-descriptor-template,0,No ignores data available
92df0a82-2f54-47b3-9486-5478e3857611,Internal Apps,1d7fc63d-168f-410d-8002-cf549bcd2133,freshdemo/gitlab-ce:latest:/opt/gitlab/embedded/bin/praefect,0,No ignores data available
92df0a82-2f54-47b3-9486-5478e3857611,Internal Apps,c63c6e81-ac3f-4b39-835b-58ce06b99f07,freshdemo/gitlab-ce:latest:/opt/gitlab/embedded/bin/prometheus,0,No ignores data available
92df0a82-2f54-47b3-9486-5478e3857611,Internal Apps,28b54778-6531-4dba-9e0c-c905c651a887,freshdemo/gitlab-ce:latest:/opt/gitlab/embedded/bin/redis_exporter,0,No ignores data available
92df0a82-2f54-47b3-9486-5478e3857611,Internal Apps,9f0a938f-3a3e-4edb-aa07-b3021630b68b,freshdemo/gitlab-ce:latest:/opt/gitlab/embedded/service/gitlab-shell/Gemfile.lock,0,No ignores data available
92df0a82-2f54-47b3-9486-5478e3857611,Internal Apps,c5508e9d-62c7-4780-acc9-d14cabf8c641,freshdemo/gitlab-ce:latest:/opt/gitlab/embedded/bin/postgres_exporter,0,No ignores data available
92df0a82-2f54-47b3-9486-5478e3857611,Internal Apps,c2f5c1be-2822-4c62-bd76-41670a2a909e,freshdemo/gitlab-ce:latest:/opt/gitlab/embedded/bin/mmctl,0,No ignores data available
92df0a82-2f54-47b3-9486-5478e3857611,Internal Apps,6cdf4660-70fb-4634-b52b-06a1af0c4aa3,freshdemo/gitlab-ce:latest:/opt/gitlab/embedded/bin/node_exporter,0,No ignores data available
92df0a82-2f54-47b3-9486-5478e3857611,Internal Apps,83567fbf-83c7-41f9-b9e5-2f5cac52c3c2,freshdemo/gitlab-ce:latest:/opt/gitlab/embedded/bin/mattermost,0,No ignores data available
92df0a82-2f54-47b3-9486-5478e3857611,Internal Apps,37a4cc78-26e3-4ea6-9bff-41ef61f96b9a,freshdemo/gitlab-ce:latest:/opt/gitlab/embedded/bin/grafana-server,0,No ignores data available
92df0a82-2f54-47b3-9486-5478e3857611,Internal Apps,d65b71f6-a514-4721-a4b4-35a1d7b00fe0,freshdemo/gitlab-ce:latest:/opt/gitlab/embedded/bin/grafana-cli,0,No ignores data available
92df0a82-2f54-47b3-9486-5478e3857611,Internal Apps,cb93893d-fe23-43fc-9254-4ec8d8b21f62,freshdemo/gitlab-ce:latest:/opt/gitlab/embedded/bin/gitlab-zip-metadata,0,No ignores data available
92df0a82-2f54-47b3-9486-5478e3857611,Internal Apps,8b43ee28-7e5c-4f3c-afd9-7e5e9118ef55,freshdemo/gitlab-ce:latest:/opt/gitlab/embedded/bin/go-crond,0,No ignores data available
92df0a82-2f54-47b3-9486-5478e3857611,Internal Apps,677a9f40-2a37-48fe-b376-efa431e8995a,freshdemo/gitlab-ce:latest:/opt/gitlab/embedded/bin/gitlab-zip-cat,0,No ignores data available
92df0a82-2f54-47b3-9486-5478e3857611,Internal Apps,e794940d-b5af-4577-a94a-832f2a1d83b0,freshdemo/gitlab-ce:latest:/opt/gitlab/embedded/service/gitlab-rails/vendor/gems/omniauth_crowd/Gemfile.lock,0,No ignores data available
92df0a82-2f54-47b3-9486-5478e3857611,Internal Apps,2641ac1f-c006-4151-835f-7e637a61d7b3,freshdemo/gitlab-ce:latest:/opt/gitlab/embedded/bin/gitlab-workhorse,0,No ignores data available
92df0a82-2f54-47b3-9486-5478e3857611,Internal Apps,8a8cbbdd-b120-4a5a-8bf1-40b36f7da471,freshdemo/gitlab-ce:latest:/opt/gitlab/embedded/service/gitlab-rails/vendor/gems/omniauth-gitlab/Gemfile.lock,0,No ignores data available
92df0a82-2f54-47b3-9486-5478e3857611,Internal Apps,0c8d9683-0df8-417d-9a91-03f5e355f028,freshdemo/gitlab-ce:latest:/opt/gitlab/embedded/bin/gitlab-resize-image,0,No ignores data available
92df0a82-2f54-47b3-9486-5478e3857611,Internal Apps,e862af7e-2079-4ae0-86dd-4523482bd11d,freshdemo/gitlab-ce:latest:/opt/gitlab/embedded/bin/gitaly,0,No ignores data available
92df0a82-2f54-47b3-9486-5478e3857611,Internal Apps,3efc5d7f-4cf2-4069-be2a-3d9b332903d2,freshdemo/gitlab-ce:latest:/opt/gitlab/embedded/bin/gitlab-pages,0,No ignores data available
92df0a82-2f54-47b3-9486-5478e3857611,Internal Apps,65d4b3aa-3445-41bb-bb57-e63fec42ed19,freshdemo/gitlab-ce:latest:/opt/gitlab/embedded/bin/gitlab-kas,0,No ignores data available
92df0a82-2f54-47b3-9486-5478e3857611,Internal Apps,36b59684-63de-417d-a724-9409dd87e018,freshdemo/gitlab-ce:latest:/opt/gitlab/embedded/service/gitlab-rails/vendor/gems/omniauth-cas3/Gemfile.lock,0,No ignores data available
92df0a82-2f54-47b3-9486-5478e3857611,Internal Apps,8e982586-4edb-4b05-8ec9-85b4935c785e,freshdemo/gitlab-ce:latest:/opt/gitlab/embedded/service/gitlab-rails/vendor/gems/devise-pbkdf2-encryptable/Gemfile.lock,0,No ignores data available
92df0a82-2f54-47b3-9486-5478e3857611,Internal Apps,a6656248-5092-4cd0-8740-1a4bc08fadae,freshdemo/gitlab-ce:latest:/opt/gitlab/embedded/service/gitlab-rails/vendor/gems/omniauth-azure-oauth2/Gemfile.lock,0,No ignores data available
92df0a82-2f54-47b3-9486-5478e3857611,Internal Apps,2a0a776b-50a7-4eaf-8957-30b4194a68a8,freshdemo/gitlab-ce:latest:/opt/gitlab/embedded/bin/gitaly-wrapper,0,No ignores data available
92df0a82-2f54-47b3-9486-5478e3857611,Internal Apps,94c29fb9-ffeb-4a31-ae6b-f997fec97abc,freshdemo/gitlab-ce:latest:/opt/gitlab/embedded/bin/gitaly-debug,0,No ignores data available
92df0a82-2f54-47b3-9486-5478e3857611,Internal Apps,584d9fb1-c69d-4d40-805f-b76608e13d7c,freshdemo/gitlab-ce:latest:/opt/gitlab/embedded/service/gitlab-rails/vendor/gems/ipynbdiff/Gemfile.lock,0,No ignores data available
92df0a82-2f54-47b3-9486-5478e3857611,Internal Apps,032b84ab-f44b-4426-844e-b322077bd9d4,freshdemo/gitlab-ce:latest:/opt/gitlab/embedded/bin/docker-distribution-pruner,0,No ignores data available
92df0a82-2f54-47b3-9486-5478e3857611,Internal Apps,e40ea4c4-ec24-4bc4-abb3-1d2afd4186d2,freshdemo/gitlab-ce:latest:/opt/gitlab/embedded/bin/gitaly-blackbox,0,No ignores data available
92df0a82-2f54-47b3-9486-5478e3857611,Internal Apps,39c8b8b6-4b1d-40aa-8f2e-7997ee3d03be,freshdemo/gitlab-ce:latest:/opt/gitlab/embedded/bin/gitaly-backup,0,No ignores data available
92df0a82-2f54-47b3-9486-5478e3857611,Internal Apps,037c97af-9a97-4553-b9cd-2a667e83fa36,freshdemo/gitlab-ce:latest,0,No ignores data available
92df0a82-2f54-47b3-9486-5478e3857611,Internal Apps,5c7983ed-c14e-42c6-8fe1-0b4dfe03e6ac,freshdemo/gitlab-ce:latest:/opt/gitlab/embedded/bin/alertmanager,0,No ignores data available
92df0a82-2f54-47b3-9486-5478e3857611,Internal Apps,4e8ff29e-87ff-4b8a-b57f-e18c0f60a328,freshdemo/gitlab-ce:latest:/opt/gitlab/embedded/bin/digest,0,No ignores data available
92df0a82-2f54-47b3-9486-5478e3857611,Internal Apps,9f4ccfbd-d082-47e5-8aad-3bef6af91db6,freshdemo/gitlab-ce:latest:/opt/gitlab/embedded/service/gitlab-rails/Gemfile.lock,0,No ignores data available
92df0a82-2f54-47b3-9486-5478e3857611,Internal Apps,c25ed139-4bb7-4f93-ace5-46574bc10dd2,freshdemo/gitlab-ce:latest:/opt/gitlab/embedded/service/gitaly-ruby/Gemfile.lock,0,No ignores data available
92df0a82-2f54-47b3-9486-5478e3857611,Internal Apps,6e1c414a-792c-464f-ac4c-f9a0f8be6d0b,freshdemo/gitlab-ce:latest:/opt/gitlab/embedded/lib/ruby/gems/2.7.0/gems/omniauth-facebook-4.0.0/example/Gemfile.lock,0,No ignores data available
92df0a82-2f54-47b3-9486-5478e3857611,Internal Apps,e00e4122-df54-4d23-813b-91edd90b87f3,freshdemo/gitlab-ce:latest:/opt/gitlab/embedded/lib/ruby/gems/2.7.0/gems/jaeger-client-1.1.0/crossdock/Gemfile.lock,0,No ignores data available
92df0a82-2f54-47b3-9486-5478e3857611,Internal Apps,c565fe4a-90eb-485f-9e8c-fdd7cdd2b08f,freshdemo/gitlab-ce:latest:/opt/gitlab/embedded/service/gitlab-rails/package.json,0,No ignores data available
92df0a82-2f54-47b3-9486-5478e3857611,Internal Apps,8ff4db35-5aba-45c1-b81b-efa25102a026,freshdemo/gitlab-ce:latest:/opt/gitlab/embedded/lib/ruby/gems/2.7.0/gems/bootstrap_form-4.2.0/demo/package.json,0,No ignores data available
92df0a82-2f54-47b3-9486-5478e3857611,Internal Apps,08ad9ac9-ea5d-417c-92ef-2a7dd883948d,freshdemo/gitlab-ce:latest:/opt/gitlab/embedded/service/gitlab-rails/storybook/package.json,0,No ignores data available
92df0a82-2f54-47b3-9486-5478e3857611,Internal Apps,0da27206-d9d7-41d6-85cf-17945117fb63,freshdemo/gitlab-ce:latest:/opt/gitlab/embedded/lib/ruby/gems/2.7.0/gems/asana-0.10.13/package.json,0,No ignores data available
92df0a82-2f54-47b3-9486-5478e3857611,Internal Apps,49dbd878-8ac1-4424-a41c-1948052879d2,org.owasp.webgoat:webgoat,0,No ignores data available
92df0a82-2f54-47b3-9486-5478e3857611,Internal Apps,86b3cf6c-a875-41e6-8f36-2044aa019097,MAGOAT,0,No ignores data available
92df0a82-2f54-47b3-9486-5478e3857611,Internal Apps,bf81fdbc-9892-4ce8-b2c5-9435cbce272e,stephen-snyk/Webgoat-gradle,0,No ignores data available
92df0a82-2f54-47b3-9486-5478e3857611,Internal Apps,2e8f687e-011e-4e09-9387-ea198bee5e2b,stephen-snyk/Webgoat-maven,0,No ignores data available
92df0a82-2f54-47b3-9486-5478e3857611,Internal Apps,b2de3532-629a-4e1f-875a-203d3785e34e,stephen-snyk/Webgoat-maven:Dockerfile,0,No ignores data available
92df0a82-2f54-47b3-9486-5478e3857611,Internal Apps,6c9966c9-7410-45b8-9653-b60f5e2b283f,stephen-snyk/Webgoat-gradle:Dockerfile.snyk,0,No ignores data available
92df0a82-2f54-47b3-9486-5478e3857611,Internal Apps,eeadb440-1a2a-43b3-8a74-a4b2448026b4,stephen-snyk/Webgoat-maven:Dockerfile.snyk,0,No ignores data available
92df0a82-2f54-47b3-9486-5478e3857611,Internal Apps,d8ecadde-eaa9-4a6b-90c7-14f7b79a2eb8,stephen-snyk/Webgoat-gradle:Dockerfile,0,No ignores data available
92df0a82-2f54-47b3-9486-5478e3857611,Internal Apps,5c16d265-9876-44f8-83f8-9a72a9054c7d,stephen-snyk/Webgoat-maven:pom.xml,0,No ignores data available
92df0a82-2f54-47b3-9486-5478e3857611,Internal Apps,888a39ca-0a11-4b3e-809e-33306ab5bae6,stephen-snyk/Webgoat-gradle:pom.xml,0,No ignores data available
92df0a82-2f54-47b3-9486-5478e3857611,Internal Apps,6866253d-4265-4fb1-adae-4326eb0b9f25,Development/Jellyfin:MediaBrowser.XbmcMetadata/MediaBrowser.XbmcMetadata.csproj,0,No ignores data available
92df0a82-2f54-47b3-9486-5478e3857611,Internal Apps,b18404fc-5ef5-42e6-8b4b-908d54ae8339,Development/Jellyfin:src/Jellyfin.MediaEncoding.Keyframes/Jellyfin.MediaEncoding.Keyframes.csproj,0,No ignores data available
92df0a82-2f54-47b3-9486-5478e3857611,Internal Apps,5a1c3afa-c150-4c12-9ade-c130bb697293,Development/Jellyfin:src/Jellyfin.MediaEncoding.Hls/Jellyfin.MediaEncoding.Hls.csproj,0,No ignores data available
92df0a82-2f54-47b3-9486-5478e3857611,Internal Apps,5e818f18-239c-4bed-b84e-275719cfee99,Development/Jellyfin:src/Jellyfin.Extensions/Jellyfin.Extensions.csproj,0,No ignores data available
92df0a82-2f54-47b3-9486-5478e3857611,Internal Apps,a568fce7-3be5-497f-a0e9-dbe9c914b1ef,Development/Jellyfin:fuzz/Jellyfin.Server.Fuzz/Jellyfin.Server.Fuzz.csproj,0,No ignores data available
92df0a82-2f54-47b3-9486-5478e3857611,Internal Apps,ff1e754e-4bae-4c59-ad5a-de2357f34f41,Development/Jellyfin:fuzz/Emby.Server.Implementations.Fuzz/Emby.Server.Implementations.Fuzz.csproj,0,No ignores data available
92df0a82-2f54-47b3-9486-5478e3857611,Internal Apps,ea27b80d-2f30-4055-9211-7ac1d926bcfc,Development/Jellyfin:RSSDP/RSSDP.csproj,0,No ignores data available
92df0a82-2f54-47b3-9486-5478e3857611,Internal Apps,684cccb5-b8f5-461d-a1b3-02dae686bfe3,Development/Jellyfin:MediaBrowser.Providers/MediaBrowser.Providers.csproj,0,No ignores data available
92df0a82-2f54-47b3-9486-5478e3857611,Internal Apps,7d623629-d2f2-44cc-a576-028cce2576c5,Development/Jellyfin:MediaBrowser.LocalMetadata/MediaBrowser.LocalMetadata.csproj,0,No ignores data available
92df0a82-2f54-47b3-9486-5478e3857611,Internal Apps,742c6d43-c129-4a91-8520-93763581afc2,Development/Jellyfin:MediaBrowser.Common/MediaBrowser.Common.csproj,0,No ignores data available
92df0a82-2f54-47b3-9486-5478e3857611,Internal Apps,08a94d34-68b4-406f-bdf9-e1d624c2fd08,Development/Jellyfin:MediaBrowser.Model/MediaBrowser.Model.csproj,0,No ignores data available
92df0a82-2f54-47b3-9486-5478e3857611,Internal Apps,49a3e1e9-3772-4a0d-8fbf-71d3305279a7,Development/Jellyfin:MediaBrowser.MediaEncoding/MediaBrowser.MediaEncoding.csproj,0,No ignores data available
92df0a82-2f54-47b3-9486-5478e3857611,Internal Apps,92ac659c-45b4-4389-a3df-a153713228e3,Development/Jellyfin:MediaBrowser.Controller/MediaBrowser.Controller.csproj,0,No ignores data available
92df0a82-2f54-47b3-9486-5478e3857611,Internal Apps,5965816c-e5e8-4dd2-a6ce-b71fa9ebe891,Development/Jellyfin:Jellyfin.Server/Jellyfin.Server.csproj,0,No ignores data available
92df0a82-2f54-47b3-9486-5478e3857611,Internal Apps,48f40293-71c3-4fb9-9a5e-6e03d17657d5,Development/Jellyfin:deployment/Dockerfile.windows.amd64,0,No ignores data available
92df0a82-2f54-47b3-9486-5478e3857611,Internal Apps,1b58036d-08f3-41eb-ac07-7aec88810086,Development/Jellyfin:deployment/Dockerfile.ubuntu.armhf,0,No ignores data available
92df0a82-2f54-47b3-9486-5478e3857611,Internal Apps,9491bb08-fc2f-4b6f-8c0f-edd7cde4d5e2,Development/Jellyfin:deployment/Dockerfile.ubuntu.arm64,0,No ignores data available
92df0a82-2f54-47b3-9486-5478e3857611,Internal Apps,b224f0e6-b1e1-41fe-aaa9-baa61dda92c0,Development/Jellyfin:Jellyfin.Data/Jellyfin.Data.csproj,0,No ignores data available
92df0a82-2f54-47b3-9486-5478e3857611,Internal Apps,8e6bf50d-3330-4257-a15b-9408c404a462,Development/Jellyfin:deployment/Dockerfile.ubuntu.amd64,0,No ignores data available
92df0a82-2f54-47b3-9486-5478e3857611,Internal Apps,ce25c1af-ad0c-4bb0-ad6f-3ed755c2d991,Development/Jellyfin:Jellyfin.Server.Implementations/Jellyfin.Server.Implementations.csproj,0,No ignores data available
92df0a82-2f54-47b3-9486-5478e3857611,Internal Apps,88cffc7f-bd9c-40e4-b634-61e6a63d0b5d,Development/Jellyfin:deployment/Dockerfile.docker.arm64,0,No ignores data available
92df0a82-2f54-47b3-9486-5478e3857611,Internal Apps,905ee32f-2659-400a-9cc1-f798b04618cd,Development/Jellyfin:Jellyfin.Networking/Jellyfin.Networking.csproj,0,No ignores data available
92df0a82-2f54-47b3-9486-5478e3857611,Internal Apps,e5d26e6d-c81d-4136-84bf-59161b6bc437,Development/Jellyfin:Jellyfin.Drawing.Skia/Jellyfin.Drawing.Skia.csproj,0,No ignores data available
92df0a82-2f54-47b3-9486-5478e3857611,Internal Apps,65ff6673-f469-465c-bf09-aa720c6dcddd,Development/Jellyfin:deployment/Dockerfile.portable,0,No ignores data available
92df0a82-2f54-47b3-9486-5478e3857611,Internal Apps,a15a1341-9d13-4e03-8cdd-ffaa6f50e457,Development/Jellyfin:Emby.Naming/Emby.Naming.csproj,0,No ignores data available
92df0a82-2f54-47b3-9486-5478e3857611,Internal Apps,226b6298-49e0-4064-9330-09757ebc28b4,Development/Jellyfin:deployment/Dockerfile.macos,0,No ignores data available
92df0a82-2f54-47b3-9486-5478e3857611,Internal Apps,2e0136f7-2730-4d41-82e6-93de92452361,Development/Jellyfin:deployment/Dockerfile.linux.musl-linux-arm64,0,No ignores data available
92df0a82-2f54-47b3-9486-5478e3857611,Internal Apps,8f99e73c-c842-4435-8fa8-d9670dacc39f,Development/Jellyfin:deployment/Dockerfile.linux.armhf,0,No ignores data available
92df0a82-2f54-47b3-9486-5478e3857611,Internal Apps,3be132c0-e9c4-442f-aee4-2f2c7fdfb6fc,Development/Jellyfin:Jellyfin.Api/Jellyfin.Api.csproj,0,No ignores data available
92df0a82-2f54-47b3-9486-5478e3857611,Internal Apps,cf297309-5e3c-462c-8bc0-19ed8cbc23dc,Development/Jellyfin:deployment/Dockerfile.linux.arm64,0,No ignores data available
92df0a82-2f54-47b3-9486-5478e3857611,Internal Apps,faea3f8a-eb90-49f1-86e7-c9fe391e40e6,Development/Jellyfin:Emby.Server.Implementations/Emby.Server.Implementations.csproj,0,No ignores data available
92df0a82-2f54-47b3-9486-5478e3857611,Internal Apps,c433bd58-dda0-4c23-b70e-1a3768c5a3b7,Development/Jellyfin:Emby.Photos/Emby.Photos.csproj,0,No ignores data available
92df0a82-2f54-47b3-9486-5478e3857611,Internal Apps,70621d85-6934-41b2-9a6a-615ff4b91198,Development/Jellyfin:deployment/Dockerfile.linux.amd64-musl,0,No ignores data available
92df0a82-2f54-47b3-9486-5478e3857611,Internal Apps,39ede344-658d-41ca-bad5-31bb9970413d,Development/Jellyfin:deployment/Dockerfile.linux.amd64,0,No ignores data available
92df0a82-2f54-47b3-9486-5478e3857611,Internal Apps,f81542da-acae-4e37-a57c-97d68f82a63e,Development/Jellyfin:deployment/Dockerfile.fedora.amd64,0,No ignores data available
92df0a82-2f54-47b3-9486-5478e3857611,Internal Apps,2b7b98b6-bcd1-4182-97ba-2c639824f285,Development/Jellyfin:Emby.Notifications/Emby.Notifications.csproj,0,No ignores data available
92df0a82-2f54-47b3-9486-5478e3857611,Internal Apps,93bb2e45-3242-49ed-9357-879666aeda34,Development/Jellyfin:deployment/Dockerfile.docker.armhf,0,No ignores data available
92df0a82-2f54-47b3-9486-5478e3857611,Internal Apps,3567b4a2-06ab-4ce5-b457-31148138ef9a,Development/Jellyfin:Emby.Dlna/Emby.Dlna.csproj,0,No ignores data available
92df0a82-2f54-47b3-9486-5478e3857611,Internal Apps,e45de13b-2676-449a-bf52-a5a084d50f9d,Development/Jellyfin:Emby.Drawing/Emby.Drawing.csproj,0,No ignores data available
92df0a82-2f54-47b3-9486-5478e3857611,Internal Apps,bcee0303-dfe1-4109-88c6-463625ebfb55,Development/Jellyfin:DvdLib/DvdLib.csproj,0,No ignores data available
92df0a82-2f54-47b3-9486-5478e3857611,Internal Apps,f5e44012-d9be-4156-9272-e41ddce51836,Development/Jellyfin:deployment/Dockerfile.debian.amd64,0,No ignores data available
92df0a82-2f54-47b3-9486-5478e3857611,Internal Apps,3e7c83f1-4dd2-4780-a01e-2f94b23caa34,Development/Jellyfin:deployment/Dockerfile.debian.arm64,0,No ignores data available
92df0a82-2f54-47b3-9486-5478e3857611,Internal Apps,ba4ff188-6a20-44d9-bf36-f0039ca27399,Development/Jellyfin:deployment/Dockerfile.docker.amd64,0,No ignores data available
92df0a82-2f54-47b3-9486-5478e3857611,Internal Apps,d3cb6a45-f18c-4966-831d-016a21f0fe60,Development/Jellyfin:deployment/Dockerfile.debian.armhf,0,No ignores data available
92df0a82-2f54-47b3-9486-5478e3857611,Internal Apps,403f507e-94b0-4d63-bc25-53d9a28b79e6,Development/Jellyfin:Dockerfile.snyk,0,No ignores data available
92df0a82-2f54-47b3-9486-5478e3857611,Internal Apps,7b1429c3-dfa8-4944-a38e-409373b7e4cd,Development/Jellyfin:deployment/Dockerfile.centos.amd64,0,No ignores data available
92df0a82-2f54-47b3-9486-5478e3857611,Internal Apps,38206201-3fd2-403f-8609-3b9cb0034a0f,Development/Jellyfin:Dockerfile.arm64,0,No ignores data available
92df0a82-2f54-47b3-9486-5478e3857611,Internal Apps,1a17699f-4709-4603-8282-e9b7281f7ad8,Development/Jellyfin:Dockerfile.arm,0,No ignores data available
92df0a82-2f54-47b3-9486-5478e3857611,Internal Apps,6095818a-a793-4ff3-b90f-5d9cd1ee0b63,Development/Jellyfin,0,No ignores data available
92df0a82-2f54-47b3-9486-5478e3857611,Internal Apps,2f957992-9c79-4e89-b937-57a6f92832ec,Development/Openfire-java,0,No ignores data available
92df0a82-2f54-47b3-9486-5478e3857611,Internal Apps,7984a316-fc91-43ff-a71f-2a66366ee443,Development/Openfire-java(main):149024-v1.0.0/Dockerfile,0,No ignores data available
92df0a82-2f54-47b3-9486-5478e3857611,Internal Apps,27d5a4ec-58ed-467c-8105-d3015557cbb0,Development/Openfire-java(main):149023-v1.0.0/Dockerfile,0,No ignores data available
92df0a82-2f54-47b3-9486-5478e3857611,Internal Apps,59bb1f94-0a59-4153-85cd-9a8b8c79fc8c,Development/Openfire-java(main):149021-v1.0.0/Dockerfile,0,No ignores data available
92df0a82-2f54-47b3-9486-5478e3857611,Internal Apps,f1d356fb-09f5-442c-8457-c7ab2a3cb2d2,Development/Openfire-java(main):149022-v1.0.0/Dockerfile,0,No ignores data available
92df0a82-2f54-47b3-9486-5478e3857611,Internal Apps,1f14f583-21ed-4b9c-9eba-279f8ae36c7f,Development/Openfire-java(main):149020-v1.0.0/Dockerfile,0,No ignores data available
92df0a82-2f54-47b3-9486-5478e3857611,Internal Apps,8f026108-418a-4abd-8332-9e8eea3d4a35,Development/Openfire-java(main):149019-v1.0.0/Dockerfile,0,No ignores data available
92df0a82-2f54-47b3-9486-5478e3857611,Internal Apps,f1486083-6767-42ec-b7a2-2b63be614c69,Development/Openfire-java(main):149018-v1.0.0/Dockerfile,0,No ignores data available
92df0a82-2f54-47b3-9486-5478e3857611,Internal Apps,6c58359b-c779-4b76-9e96-120aacca48e4,Development/Openfire-java(main):149017-v1.0.0/Dockerfile,0,No ignores data available
92df0a82-2f54-47b3-9486-5478e3857611,Internal Apps,5b73d02c-f5c1-4492-b1b9-3d32c6704645,Development/Openfire-java(main):149016-v1.0.0/Dockerfile,0,No ignores data available
92df0a82-2f54-47b3-9486-5478e3857611,Internal Apps,5123bf01-6b8f-4a63-8b5e-829459a5057d,Development/Openfire-java(main):149015-v1.0.0/Dockerfile,0,No ignores data available
92df0a82-2f54-47b3-9486-5478e3857611,Internal Apps,9a0b840e-b270-4fba-9c05-4d4f96909577,Development/Openfire-java(main):149014-v1.0.0/Dockerfile,0,No ignores data available
92df0a82-2f54-47b3-9486-5478e3857611,Internal Apps,5ef4dfb0-d8b2-4e66-a9cb-cf2cdef884c6,Development/Openfire-java(main):149013-v1.0.0/Dockerfile,0,No ignores data available
92df0a82-2f54-47b3-9486-5478e3857611,Internal Apps,a89ba3f1-262c-4a96-ac80-a84b6ecfb3cb,stephen-snyk/Juliet,0,No ignores data available
92df0a82-2f54-47b3-9486-5478e3857611,Internal Apps,1cdc4d43-04fe-4233-8e2c-fc2d61e88be2,stephen-snyk/logback,0,No ignores data available
92df0a82-2f54-47b3-9486-5478e3857611,Internal Apps,e4a03510-db1d-462c-9a31-ea764ac1c6e8,stephen-snyk/logback:pom.xml,0,No ignores data available
92df0a82-2f54-47b3-9486-5478e3857611,Internal Apps,f6a0da6d-2638-4259-a32c-52aae993b0a8,stephen-snyk/logback:Dockerfile,0,No ignores data available
92df0a82-2f54-47b3-9486-5478e3857611,Internal Apps,899127c3-4cac-44fa-8aec-e0bdf9b8e353,stephen-snyk/tut-spring-security-angular-self,0,No ignores data available
92df0a82-2f54-47b3-9486-5478e3857611,Internal Apps,a73fc8e3-37f8-4c1a-a789-456af0ef5147,stephen-snyk/spring-security-samples:servlet/spring-boot/java/oauth2/resource-server/opaque/build.gradle,0,No ignores data available
92df0a82-2f54-47b3-9486-5478e3857611,Internal Apps,dd5bed22-1c84-4093-968f-521abef7acb9,stephen-snyk/spring-security-samples:servlet/spring-boot/java/oauth2/resource-server/hello-security/build.gradle,0,No ignores data available
92df0a82-2f54-47b3-9486-5478e3857611,Internal Apps,062da9fd-dc93-4cc8-a657-5a33eca5fb35,stephen-snyk/spring-security-samples:servlet/java-configuration/authentication/x509/build.gradle,0,No ignores data available
92df0a82-2f54-47b3-9486-5478e3857611,Internal Apps,7541e670-984e-45b5-99d2-bb3d6069ad96,stephen-snyk/spring-security-samples:reactive/webflux/java/oauth2/webclient/build.gradle,0,No ignores data available
92df0a82-2f54-47b3-9486-5478e3857611,Internal Apps,269be96e-ffa2-4ab0-8f21-2f99e6250846,stephen-snyk/spring-security-samples,0,No ignores data available
92df0a82-2f54-47b3-9486-5478e3857611,Internal Apps,45984ff7-443f-4ca7-93e1-b0ce750ae890,stephen-snyk/log4j-poc,0,No ignores data available
92df0a82-2f54-47b3-9486-5478e3857611,Internal Apps,ae8d0307-d5f0-478d-9229-d3a995d70d3a,stephen-snyk/log4j-poc:cve-poc/Dockerfile,0,No ignores data available
92df0a82-2f54-47b3-9486-5478e3857611,Internal Apps,a555bafa-9bd2-4a5d-a401-297df654abfa,stephen-snyk/log4j-poc:cve-web/Dockerfile,0,No ignores data available
92df0a82-2f54-47b3-9486-5478e3857611,Internal Apps,e7ffcf4a-0c89-4968-9edf-ceb5da8491df,stephen-snyk/log4j-poc:cve-neo/Dockerfile,0,No ignores data available
92df0a82-2f54-47b3-9486-5478e3857611,Internal Apps,e31e1719-90e4-4e4c-b4e8-d7bf8626e5f2,stephen-snyk/log4j-poc:cve-web/files/home/user/log4j-shell-poc/vulnerable-application/pom.xml,0,No ignores data available
92df0a82-2f54-47b3-9486-5478e3857611,Internal Apps,ffec8396-472b-4d54-b4f7-2713d94820b6,stephen-snyk/log4j-poc:cve-neo/files/opt/bitnami/log4j-shell-poc/vulnerable-application/pom.xml,0,No ignores data available
92df0a82-2f54-47b3-9486-5478e3857611,Internal Apps,1dd73139-fb15-4acc-a8cc-a22f9caa8bb5,snyk-monitor/deployment.apps/snyk-monitor:snyk/kubernetes-monitor,0,No ignores data available
92df0a82-2f54-47b3-9486-5478e3857611,Internal Apps,8c0a75a6-1a23-4e25-963a-41ab796c9e6e,snyk-monitor/deployment.apps/snyk-monitor:/usr/bin/docker-credential-acr-env,0,No ignores data available
92df0a82-2f54-47b3-9486-5478e3857611,Internal Apps,3b1f0703-3e55-41da-a9b4-93dce5b011e3,snyk-monitor/deployment.apps/snyk-monitor:/google-cloud-sdk/bin/gcloud-crc32c,0,No ignores data available
92df0a82-2f54-47b3-9486-5478e3857611,Internal Apps,95f71a73-a007-4346-9654-61a7d467ff77,snyk-monitor/deployment.apps/snyk-monitor:/usr/bin/docker-credential-ecr-login,0,No ignores data available
92df0a82-2f54-47b3-9486-5478e3857611,Internal Apps,1a3ea4f6-0661-4168-b930-ac55a16231a2,snyk-monitor/deployment.apps/snyk-monitor:/srv/app/package.json,0,No ignores data available
92df0a82-2f54-47b3-9486-5478e3857611,Internal Apps,6deb18ca-1824-4938-bf37-88f806c726f3,stephen-snyk/pygoat:requirements.txt,0,No ignores data available
92df0a82-2f54-47b3-9486-5478e3857611,Internal Apps,b62217ea-4930-491e-9ed3-2b0763099602,stephen-snyk/pygoat:pygoat/requirements.txt,0,No ignores data available
92df0a82-2f54-47b3-9486-5478e3857611,Internal Apps,bb4f4da6-b1fe-4588-8156-2352471cb72b,stephen-snyk/pygoat,0,No ignores data available
92df0a82-2f54-47b3-9486-5478e3857611,Internal Apps,c0c8b505-7629-49ed-9f6e-692118925d0c,stephen-snyk/pygoat:pygoat/Dockerfile,0,No ignores data available
92df0a82-2f54-47b3-9486-5478e3857611,Internal Apps,d5e39832-eaa3-418c-b262-ad1e373d7367,stephen-snyk/pygoat:Dockerfile,0,No ignores data available
92df0a82-2f54-47b3-9486-5478e3857611,Internal Apps,a6cf5d86-4831-4ba1-ba0e-059329533c1a,stephen-snyk/terraform-goof:variables.tf,0,No ignores data available
92df0a82-2f54-47b3-9486-5478e3857611,Internal Apps,e1a5d020-37fa-4ffa-89a3-7a3df41861e2,stephen-snyk/terraform-goof:modules/vpc/variables.tf,0,No ignores data available
92df0a82-2f54-47b3-9486-5478e3857611,Internal Apps,4beb996d-cb31-4057-b0cd-ec0f733a6b64,stephen-snyk/terraform-goof:modules/vpc/outputs.tf,0,No ignores data available
92df0a82-2f54-47b3-9486-5478e3857611,Internal Apps,41dbeb1f-f7bb-4365-9a07-3046615933c0,stephen-snyk/terraform-goof:modules/vpc/main.tf,0,No ignores data available
92df0a82-2f54-47b3-9486-5478e3857611,Internal Apps,7306bfe4-7b3e-4d61-9338-f71ae5a8ca1a,stephen-snyk/terraform-goof:modules/subnet/main.tf,0,No ignores data available
92df0a82-2f54-47b3-9486-5478e3857611,Internal Apps,00d5d757-ef03-4a44-bbb2-498ddb0b4a4f,stephen-snyk/terraform-goof:modules/subnet/variables.tf,0,No ignores data available
92df0a82-2f54-47b3-9486-5478e3857611,Internal Apps,ea966d65-bec2-4722-b5cd-f1f41be74d34,stephen-snyk/terraform-goof:modules/subnet/outputs.tf,0,No ignores data available
92df0a82-2f54-47b3-9486-5478e3857611,Internal Apps,e51fb9fc-9f2a-4c31-b860-0c52efa19840,stephen-snyk/terraform-goof:modules/storage/main.tf,0,No ignores data available
92df0a82-2f54-47b3-9486-5478e3857611,Internal Apps,8fb2de4d-34df-40d6-9782-8f328bdf26cd,stephen-snyk/terraform-goof:modules/storage/variables.tf,0,No ignores data available
92df0a82-2f54-47b3-9486-5478e3857611,Internal Apps,d424b3f7-9d3a-46b9-aaa3-3534beebbc24,stephen-snyk/terraform-goof:modules/iam/variables.tf,0,No ignores data available
92df0a82-2f54-47b3-9486-5478e3857611,Internal Apps,e1281d45-fe01-42cc-b3b6-853b0aa731c5,stephen-snyk/terraform-goof:modules/iam/main.tf,0,No ignores data available
92df0a82-2f54-47b3-9486-5478e3857611,Internal Apps,a7678bd3-528f-472b-a44e-bfba4b1b27e2,stephen-snyk/terraform-goof:main.tf,0,No ignores data available
92df0a82-2f54-47b3-9486-5478e3857611,Internal Apps,0fa2b9fe-e4c3-4629-81b5-1b9aee4395ea,stephen-snyk/terraform-goof:package.json,0,No ignores data available
92df0a82-2f54-47b3-9486-5478e3857611,Internal Apps,86d24e33-bb80-4aa3-8806-ec71b58f3f21,stephen-snyk/log4shell-vulnerable-app,0,No ignores data available
92df0a82-2f54-47b3-9486-5478e3857611,Internal Apps,7b99fd68-7bf6-4c2f-b4a5-4b669d8bf21e,stephen-snyk/log4shell-vulnerable-app:build.gradle,0,No ignores data available
92df0a82-2f54-47b3-9486-5478e3857611,Internal Apps,d34050be-008e-4972-b82c-ca756adbd564,stephen-snyk/log4shell-vulnerable-app:Dockerfile,0,No ignores data available
92df0a82-2f54-47b3-9486-5478e3857611,Internal Apps,f4a25016-eb33-4be3-91fb-0a4a05d5091e,freshdemo/maltrieve:latest:/home/nonroot/maltrieve/requirements.txt,0,No ignores data available
92df0a82-2f54-47b3-9486-5478e3857611,Internal Apps,b9be276e-2645-4d65-a5ba-a037626c9dd8,freshdemo/maltrieve:latest,0,No ignores data available
92df0a82-2f54-47b3-9486-5478e3857611,Internal Apps,f742a153-c9f6-4738-9223-ac4fa3ea0025,stephen-snyk/snyk-goof,0,No ignores data available
92df0a82-2f54-47b3-9486-5478e3857611,Internal Apps,5d2939c4-6e7f-4dff-9931-6ee6069b3764,stephen-snyk/snyk-goof:package.json,0,No ignores data available
92df0a82-2f54-47b3-9486-5478e3857611,Internal Apps,04b70d7c-bb5b-4e96-904f-430034d7e15b,stephen-snyk/snyk-goof:Dockerfile,0,No ignores data available
92df0a82-2f54-47b3-9486-5478e3857611,Internal Apps,99ee55e8-6fa8-4604-a83a-9681f1e3121d,stephen-snyk/WebGoat,0,No ignores data available
92df0a82-2f54-47b3-9486-5478e3857611,Internal Apps,9321f7b9-1095-4fb5-9f03-437dcd51834b,stephen-snyk/WebGoat:pom.xml,0,No ignores data available
92df0a82-2f54-47b3-9486-5478e3857611,Internal Apps,cea8859c-5f63-4176-9a67-8bb22fab63f9,stephen-snyk/WebGoat:Dockerfile,0,No ignores data available
dbb0d5f0-6025-4a5e-b1ea-4c68bb65b932,java-goof-azure-fix,88c30a17-0926-4774-a8a5-11bff78aff7c,Development/java-goof-azure-fix,0,No ignores data available
dbb0d5f0-6025-4a5e-b1ea-4c68bb65b932,java-goof-azure-fix,188cfe57-c5f5-4d72-80b6-9cbf5353c5ae,Development/java-goof-azure-fix:todolist-goof/todolist-web-struts/pom.xml,0,No ignores data available
dbb0d5f0-6025-4a5e-b1ea-4c68bb65b932,java-goof-azure-fix,e4eba8e0-2f02-4c9e-9cc9-1f62c57361d9,Development/java-goof-azure-fix:todolist-goof/k8s/java-goof2.yaml,0,No ignores data available
dbb0d5f0-6025-4a5e-b1ea-4c68bb65b932,java-goof-azure-fix,de2be146-867c-4339-9c90-4c044c13525f,Development/java-goof-azure-fix:todolist-goof/todolist-web-common/pom.xml,0,No ignores data available
dbb0d5f0-6025-4a5e-b1ea-4c68bb65b932,java-goof-azure-fix,838e20a2-9a9c-4e54-9a37-47e5598c63dc,Development/java-goof-azure-fix:todolist-goof/k8s/noegress.yaml,0,No ignores data available
dbb0d5f0-6025-4a5e-b1ea-4c68bb65b932,java-goof-azure-fix,45879d56-046d-43e8-8ca4-421fee273313,Development/java-goof-azure-fix:todolist-goof/k8s/metallb-config.yaml,0,No ignores data available
dbb0d5f0-6025-4a5e-b1ea-4c68bb65b932,java-goof-azure-fix,d08d1168-c8ec-4348-a611-0a2ca061dc72,Development/java-goof-azure-fix:todolist-goof/todolist-core/pom.xml,0,No ignores data available
dbb0d5f0-6025-4a5e-b1ea-4c68bb65b932,java-goof-azure-fix,e0f0ac33-4cbb-4803-bf86-b1494bf0cc64,Development/java-goof-azure-fix:todolist-goof/k8s/java-goof3.yaml,0,No ignores data available
dbb0d5f0-6025-4a5e-b1ea-4c68bb65b932,java-goof-azure-fix,22c469c5-39ee-4c93-8bef-9e2ddcf4abd4,Development/java-goof-azure-fix:todolist-goof/pom.xml,0,No ignores data available
dbb0d5f0-6025-4a5e-b1ea-4c68bb65b932,java-goof-azure-fix,dda1a3ee-cd5f-463e-b062-d2a0650b835b,Development/java-goof-azure-fix:log4shell-goof/log4shell-client/pom.xml,0,No ignores data available
dbb0d5f0-6025-4a5e-b1ea-4c68bb65b932,java-goof-azure-fix,3c3cd69a-5dbf-4265-b51f-00127f3395ab,Development/java-goof-azure-fix:log4shell-goof/log4shell-server/pom.xml,0,No ignores data available
dbb0d5f0-6025-4a5e-b1ea-4c68bb65b932,java-goof-azure-fix,4e076b5e-58de-40b7-be75-d2cd63fe0744,Development/java-goof-azure-fix:todolist-goof/k8s/java-goof.yaml,0,No ignores data available
dbb0d5f0-6025-4a5e-b1ea-4c68bb65b932,java-goof-azure-fix,3a36aace-3c3e-43c5-bf2d-1613eba139bc,Development/java-goof-azure-fix:todolist-goof/k8s/calico.yaml,0,No ignores data available
dbb0d5f0-6025-4a5e-b1ea-4c68bb65b932,java-goof-azure-fix,278f6eac-4676-4e01-ab5f-5c024e636224,Development/java-goof-azure-fix:log4shell-goof/log4shell-server/k8s/deploy.yaml,0,No ignores data available
dbb0d5f0-6025-4a5e-b1ea-4c68bb65b932,java-goof-azure-fix,2ea3fbd4-8414-4198-bbfe-7856c5baa2fc,Development/java-goof-azure-fix:todolist-goof/exploits/tomcat-rce/Dockerfile,0,No ignores data available
dbb0d5f0-6025-4a5e-b1ea-4c68bb65b932,java-goof-azure-fix,9e08aeb3-f887-43a5-a350-1fb3a692e6ec,Development/java-goof-azure-fix:todolist-goof/Dockerfile,0,No ignores data available
dbb0d5f0-6025-4a5e-b1ea-4c68bb65b932,java-goof-azure-fix,dcab0d46-dea9-46df-b594-3588886f7a00,Development/java-goof-azure-fix:log4shell-goof/log4shell-server/Dockerfile,0,No ignores data available
6a7fd579-90a8-4293-a0ce-cf44e9b0c0fb,java-goof-bitbucket-fix,4af69189-5369-42e7-9e7d-64c6bf72a61b,zerotrust/java-goof-bitbucket-fix,0,No ignores data available
6a7fd579-90a8-4293-a0ce-cf44e9b0c0fb,java-goof-bitbucket-fix,82a1e23c-ea09-4a5d-8623-e70996d3907d,zerotrust/java-goof-bitbucket-fix:todolist-goof/todolist-web-struts/pom.xml,1,"ID: SNYK-JAVA-ORGAPACHESTRUTS-8496612, Reason: No reason provided, Expires: Never, Created: Unknown"
6a7fd579-90a8-4293-a0ce-cf44e9b0c0fb,java-goof-bitbucket-fix,577b32c2-863c-46d5-bc0d-57c4142ae4b7,zerotrust/java-goof-bitbucket-fix:todolist-goof/todolist-core/pom.xml,0,No ignores data available
6a7fd579-90a8-4293-a0ce-cf44e9b0c0fb,java-goof-bitbucket-fix,8c8c9254-9196-490d-8ca7-eade00b6c6a3,zerotrust/java-goof-bitbucket-fix:todolist-goof/todolist-web-common/pom.xml,0,No ignores data available
6a7fd579-90a8-4293-a0ce-cf44e9b0c0fb,java-goof-bitbucket-fix,70a1df43-559b-4ebd-8f14-40b028b13b08,zerotrust/java-goof-bitbucket-fix:log4shell-goof/log4shell-server/pom.xml,0,No ignores data available
6a7fd579-90a8-4293-a0ce-cf44e9b0c0fb,java-goof-bitbucket-fix,8cc92ce5-1847-49a4-9020-fbddb3fe700d,zerotrust/java-goof-bitbucket-fix:log4shell-goof/log4shell-client/pom.xml,0,No ignores data available
6a7fd579-90a8-4293-a0ce-cf44e9b0c0fb,java-goof-bitbucket-fix,92338e6a-cbae-42e1-ab46-6c01ff78d2ec,zerotrust/java-goof-bitbucket-fix:todolist-goof/pom.xml,0,No ignores data available
6a7fd579-90a8-4293-a0ce-cf44e9b0c0fb,java-goof-bitbucket-fix,cf91fd7e-a85f-419b-9004-cdf695380fec,zerotrust/java-goof-bitbucket-fix:todolist-goof/k8s/noegress.yaml,0,No ignores data available
6a7fd579-90a8-4293-a0ce-cf44e9b0c0fb,java-goof-bitbucket-fix,cbc0ef1c-db6b-463c-82d0-23417e3dc6b8,zerotrust/java-goof-bitbucket-fix:log4shell-goof/log4shell-server/k8s/deploy.yaml,0,No ignores data available
6a7fd579-90a8-4293-a0ce-cf44e9b0c0fb,java-goof-bitbucket-fix,c5da40c4-f840-4f6a-99b8-acb052c61c3e,zerotrust/java-goof-bitbucket-fix:todolist-goof/k8s/java-goof3.yaml,0,No ignores data available
6a7fd579-90a8-4293-a0ce-cf44e9b0c0fb,java-goof-bitbucket-fix,c9b97e76-3f66-4fc6-b028-59c7e5b83d72,zerotrust/java-goof-bitbucket-fix:todolist-goof/k8s/metallb-config.yaml,0,No ignores data available
6a7fd579-90a8-4293-a0ce-cf44e9b0c0fb,java-goof-bitbucket-fix,9956754a-11a6-4229-9a05-287f940272f0,zerotrust/java-goof-bitbucket-fix:todolist-goof/k8s/java-goof2.yaml,0,No ignores data available
6a7fd579-90a8-4293-a0ce-cf44e9b0c0fb,java-goof-bitbucket-fix,d2893588-043a-4d6f-bf5e-2a144ca5f1b0,zerotrust/java-goof-bitbucket-fix:todolist-goof/exploits/tomcat-rce/Dockerfile,0,No ignores data available
6a7fd579-90a8-4293-a0ce-cf44e9b0c0fb,java-goof-bitbucket-fix,1fce42c8-e095-4eb7-84f5-83fa72b1e59a,zerotrust/java-goof-bitbucket-fix:todolist-goof/Dockerfile,0,No ignores data available
6a7fd579-90a8-4293-a0ce-cf44e9b0c0fb,java-goof-bitbucket-fix,53a9bbe1-22e5-4391-8f46-582cf96036c9,zerotrust/java-goof-bitbucket-fix:todolist-goof/k8s/java-goof.yaml,0,No ignores data available
6a7fd579-90a8-4293-a0ce-cf44e9b0c0fb,java-goof-bitbucket-fix,c8eeb1c6-f90c-4d8e-ac7f-693876a50266,zerotrust/java-goof-bitbucket-fix:log4shell-goof/log4shell-server/Dockerfile,0,No ignores data available
6a7fd579-90a8-4293-a0ce-cf44e9b0c0fb,java-goof-bitbucket-fix,0625779a-ae1b-4f32-8592-d44776e4d301,zerotrust/java-goof-bitbucket-fix:todolist-goof/k8s/calico.yaml,0,No ignores data available
a1996165-4938-4d71-b3bb-fa7cd51a150b,jfrog-artifactory-maven,2ec0e96e-69b0-4136-ae51-67debf7bf870,stephen-snyk/java-goof-artifactory,0,No ignores data available
a1996165-4938-4d71-b3bb-fa7cd51a150b,jfrog-artifactory-maven,836121af-8afd-449b-b2d5-4c32a48928f4,stephen-snyk/java-goof-artifactory:pom.xml,1,"ID: SNYK-JAVA-ORGAPACHELOGGINGLOG4J-2314720, Reason: No reason provided, Expires: Never, Created: Unknown"
71723475-2ac3-4c8f-905e-5cd136beea87,jfrog-artifactory-maven-universal,bc391538-1fb7-46ad-ae4d-88d48bd9f2cf,busyboy:latest,0,No ignores data available
71723475-2ac3-4c8f-905e-5cd136beea87,jfrog-artifactory-maven-universal,7f702645-3197-4750-9191-cb1c87d72a2d,stephen-snyk/java-goof-artifactory(main):pom.xml,0,No ignores data available
71723475-2ac3-4c8f-905e-5cd136beea87,jfrog-artifactory-maven-universal,9b306040-318f-4b8c-8eb1-695c7834b86c,stephen-snyk/java-goof-artifactory(main),0,No ignores data available
90988dc0-a6d0-40d2-8f1f-87c5d7ca3eff,JuiceShop,67f4cfde-24fb-49e9-80ec-6c9d8c9b464d,juice-shop/deployment.apps/juicedeployment:/juice-shop/package.json,0,No ignores data available
90988dc0-a6d0-40d2-8f1f-87c5d7ca3eff,JuiceShop,814702b0-c491-4f0f-85a5-481880db7fc8,juice-shop/deployment.apps/juicedeployment:bkimminich/juice-shop,0,No ignores data available
90988dc0-a6d0-40d2-8f1f-87c5d7ca3eff,JuiceShop,2a49d2d2-d700-44f0-a182-70f2045d0f70,stephen-snyk/juice-shop,0,No ignores data available
90988dc0-a6d0-40d2-8f1f-87c5d7ca3eff,JuiceShop,b1c7eb29-43b2-46cc-a147-5d2cddb5e2eb,freshdemo/snyk-juice-shop:v1.0.0,0,No ignores data available
90988dc0-a6d0-40d2-8f1f-87c5d7ca3eff,JuiceShop,7c31692e-13c7-4633-887d-b2bc58a5a7aa,freshdemo/snyk-juice-shop:v1.0.0:/juice-shop/package.json,0,No ignores data available
90988dc0-a6d0-40d2-8f1f-87c5d7ca3eff,JuiceShop,a89799dc-ba8e-49c1-899a-9d41e1b60045,stephen-snyk/juice-shop:terraform/modules/storage/main.tf,0,No ignores data available
90988dc0-a6d0-40d2-8f1f-87c5d7ca3eff,JuiceShop,d5239e78-5355-4454-a26f-a4893e02a4b1,stephen-snyk/juice-shop:terraform/modules/subnets/main.tf,0,No ignores data available
90988dc0-a6d0-40d2-8f1f-87c5d7ca3eff,JuiceShop,468f6ebc-8889-4c24-8115-1e4c7d1de00d,stephen-snyk/juice-shop:terraform/modules/subnets/variables.tf,0,No ignores data available
90988dc0-a6d0-40d2-8f1f-87c5d7ca3eff,JuiceShop,1940d255-fc9f-4d73-a437-cde97ef51569,stephen-snyk/juice-shop:terraform/modules/subnets/outputs.tf,0,No ignores data available
90988dc0-a6d0-40d2-8f1f-87c5d7ca3eff,JuiceShop,33486ae0-1243-418b-b83a-e4a8a603398a,stephen-snyk/juice-shop:terraform/modules/storage/inputs.tf,0,No ignores data available
90988dc0-a6d0-40d2-8f1f-87c5d7ca3eff,JuiceShop,f15082fe-65fe-46ed-9a64-7475750a9abd,stephen-snyk/juice-shop:terraform/modules/security-groups/outputs.tf,0,No ignores data available
90988dc0-a6d0-40d2-8f1f-87c5d7ca3eff,JuiceShop,720df02c-3440-4c9e-bc53-70f60aeff86d,stephen-snyk/juice-shop:terraform/modules/security-groups/main.tf,0,No ignores data available
90988dc0-a6d0-40d2-8f1f-87c5d7ca3eff,JuiceShop,d77d3a60-52b8-42a0-933d-5c35a3b8d9d8,stephen-snyk/juice-shop:terraform/modules/security-groups/inputs.tf,0,No ignores data available
90988dc0-a6d0-40d2-8f1f-87c5d7ca3eff,JuiceShop,41f3f5fa-541a-47b3-ad28-137240e9e2ca,stephen-snyk/juice-shop:terraform/modules/includes/outputs.tf,0,No ignores data available
90988dc0-a6d0-40d2-8f1f-87c5d7ca3eff,JuiceShop,a36265bb-3da9-4eab-aaf3-d3ae8c2be9dd,stephen-snyk/juice-shop:k8s-src/juice-shop-deploy.yaml,0,No ignores data available
90988dc0-a6d0-40d2-8f1f-87c5d7ca3eff,JuiceShop,dd8216df-58bd-45da-837f-b62042523c34,stephen-snyk/juice-shop:terraform/modules/includes/main.tf,0,No ignores data available
90988dc0-a6d0-40d2-8f1f-87c5d7ca3eff,JuiceShop,821307d7-52ba-4f54-8679-58db3a341659,stephen-snyk/juice-shop:terraform/modules/includes/inputs.tf,0,No ignores data available
90988dc0-a6d0-40d2-8f1f-87c5d7ca3eff,JuiceShop,63d2c9f7-b41a-45d9-9dbc-2ee17eff90b2,stephen-snyk/juice-shop:main.tf,0,No ignores data available
90988dc0-a6d0-40d2-8f1f-87c5d7ca3eff,JuiceShop,8404a821-3e60-435c-b27b-e943e82a3b09,stephen-snyk/juice-shop:k8s-src/juice-shop-service.yaml,0,No ignores data available
90988dc0-a6d0-40d2-8f1f-87c5d7ca3eff,JuiceShop,c9234e4a-e3cb-402c-9990-1bb8f8aea1ee,stephen-snyk/juice-shop:frontend/package.json,0,No ignores data available
90988dc0-a6d0-40d2-8f1f-87c5d7ca3eff,JuiceShop,a991ced7-7c6d-4bc9-9230-4e859cf94908,stephen-snyk/juice-shop:package.json,0,No ignores data available
90988dc0-a6d0-40d2-8f1f-87c5d7ca3eff,JuiceShop,9a75a218-aca8-4a1c-9931-bf29a3929f00,stephen-snyk/juice-shop:Dockerfile.arm,0,No ignores data available
90988dc0-a6d0-40d2-8f1f-87c5d7ca3eff,JuiceShop,d8d771fa-4839-410e-a25c-d2c4d14422ed,stephen-snyk/juice-shop:Dockerfile,0,No ignores data available
8732cc6d-085e-4f1d-ba98-cf4b491723fb,juice-shop-bash,7baa5e39-65d6-47ed-903b-ebdef3385197,frontend,0,No ignores data available
8732cc6d-085e-4f1d-ba98-cf4b491723fb,juice-shop-bash,57c257c1-c638-4e32-9773-57c18d09cea0,juice-shop,0,No ignores data available
8732cc6d-085e-4f1d-ba98-cf4b491723fb,juice-shop-bash,1e0c0d12-00ea-414c-b7fa-7ad5f1cba81e,juice-shop,0,No ignores data available
8732cc6d-085e-4f1d-ba98-cf4b491723fb,juice-shop-bash,b44f7b53-1d4b-40d4-9b4c-a7fe0c3b24f7,npm:juice-shop,0,No ignores data available
8732cc6d-085e-4f1d-ba98-cf4b491723fb,juice-shop-bash,8d62b4ba-47ad-4070-8d72-e0b16241b16c,stephen-snyk/juice-shop-bash(main):frontend/package.json,0,No ignores data available
8732cc6d-085e-4f1d-ba98-cf4b491723fb,juice-shop-bash,302887fd-d878-472a-b677-fa747d94c5fa,stephen-snyk/juice-shop-bash(main):package.json,0,No ignores data available
8732cc6d-085e-4f1d-ba98-cf4b491723fb,juice-shop-bash,85f7a950-0eda-49b5-895e-ed1d7d5c5a2c,stephen-snyk/juice-shop-bash(main):Dockerfile,0,No ignores data available
8732cc6d-085e-4f1d-ba98-cf4b491723fb,juice-shop-bash,96539e69-6ac0-4ecb-ab43-2360e58993c9,stephen-snyk/juice-shop-bash(main),0,No ignores data available
8732cc6d-085e-4f1d-ba98-cf4b491723fb,juice-shop-bash,b960bb37-24a6-4923-882a-a3309dd079f3,docker-image|freshdemo/juice-shop-bash:/juice-shop/frontend/package.json,0,No ignores data available
8732cc6d-085e-4f1d-ba98-cf4b491723fb,juice-shop-bash,81a7b415-bc37-46b7-8681-a553ce508fa7,docker-image|freshdemo/juice-shop-bash:/juice-shop/build/package.json,0,No ignores data available
8732cc6d-085e-4f1d-ba98-cf4b491723fb,juice-shop-bash,b6fe99ec-8eff-4088-af33-127a03e55d3e,docker-image|freshdemo/juice-shop-bash:/juice-shop/package.json,0,No ignores data available
8732cc6d-085e-4f1d-ba98-cf4b491723fb,juice-shop-bash,58db1b63-902f-480c-90ca-f2538103c22b,docker-image|freshdemo/juice-shop-bash,0,No ignores data available
d74fab94-3140-402b-91cf-393aecd008ea,juice-shop-bitbucket,31c6821d-864e-45e5-8ed6-e95a1fb52350,zerotrust/juice-shop-bitbucket(master):frontend/package.json,0,No ignores data available
d74fab94-3140-402b-91cf-393aecd008ea,juice-shop-bitbucket,06243800-d6c0-4d4c-916e-c71b9e992945,zerotrust/juice-shop-bitbucket(master):package.json,0,No ignores data available
d74fab94-3140-402b-91cf-393aecd008ea,juice-shop-bitbucket,b571341a-765d-4154-a6b5-9c089522659a,zerotrust/juice-shop-bitbucket(master):Dockerfile,0,No ignores data available
8c748445-8c19-40c6-b3bb-8abfb6011259,juice-shop-github-dockerhub-gke,8976939a-2cdc-46f5-bb29-b9823373b161,stephen-snyk/juice-shop-github-dockerhub-gke:k8s/juice-shop.dockerhub-service.yaml,0,No ignores data available
8c748445-8c19-40c6-b3bb-8abfb6011259,juice-shop-github-dockerhub-gke,056da34e-e8e7-4416-944d-207abc75e0c7,stephen-snyk/juice-shop-github-dockerhub-gke:k8s/juice-shop.dockerhub-deploy.yaml,0,No ignores data available
8c748445-8c19-40c6-b3bb-8abfb6011259,juice-shop-github-dockerhub-gke,d19b5008-0ea0-4a98-8ccd-b19684f81a03,stephen-snyk/juice-shop-github-dockerhub-gke:juice-shop.dockerhub-deploy.yaml,0,No ignores data available
8c748445-8c19-40c6-b3bb-8abfb6011259,juice-shop-github-dockerhub-gke,2fe60fbd-4a40-4eae-8aba-db1f22e4a4bc,stephen-snyk/juice-shop-github-dockerhub-gke,0,No ignores data available
8c748445-8c19-40c6-b3bb-8abfb6011259,juice-shop-github-dockerhub-gke,31ce1538-d4f2-472c-83e8-7a8e5c4b5dc9,juice-shop-github-dockerhub-gke/deployment.apps/juice-shop-github-dockerhub-gke:freshdemo/juice-shop-github-dockerhub-gke,0,No ignores data available
8c748445-8c19-40c6-b3bb-8abfb6011259,juice-shop-github-dockerhub-gke,26e78db2-60a4-4441-b16e-b579f4750c6e,juice-shop-github-dockerhub-gke/deployment.apps/juice-shop-github-dockerhub-gke:/juice-shop/package.json,0,No ignores data available
8c748445-8c19-40c6-b3bb-8abfb6011259,juice-shop-github-dockerhub-gke,10d44445-7123-4db2-a918-b763609b5255,freshdemo/juice-shop-github-dockerhub-gke:gha,0,No ignores data available
8c748445-8c19-40c6-b3bb-8abfb6011259,juice-shop-github-dockerhub-gke,5ea67766-c724-4bff-9044-e58047784a5b,freshdemo/juice-shop-github-dockerhub-gke:gha:/juice-shop/package.json,0,No ignores data available
8c748445-8c19-40c6-b3bb-8abfb6011259,juice-shop-github-dockerhub-gke,b78d976b-52a8-4e5e-a8d7-c85cdabc028b,stephen-snyk/juice-shop-github-dockerhub-gke:Dockerfile,0,No ignores data available
8c748445-8c19-40c6-b3bb-8abfb6011259,juice-shop-github-dockerhub-gke,acebf77e-efa8-42f4-8da6-b3765f69c517,stephen-snyk/juice-shop-github-dockerhub-gke:frontend/package.json,0,No ignores data available
8c748445-8c19-40c6-b3bb-8abfb6011259,juice-shop-github-dockerhub-gke,6250193e-0c1e-491b-a53f-3596af227177,stephen-snyk/juice-shop-github-dockerhub-gke:package.json,0,No ignores data available
6bf4b3b5-2f44-4f51-ac23-e8600f540705,juice-shop-gitlab.com,7f6b70ab-950b-48de-87b4-5a2fb3d9e46e,snyk-lab/juice-shop-gitlab.com(FR-02),0,No ignores data available
6bf4b3b5-2f44-4f51-ac23-e8600f540705,juice-shop-gitlab.com,98dbb1e3-8b84-47a1-b509-890d8cf32cd7,snyk-lab/juice-shop-gitlab.com(FR-02):frontend/package.json,0,No ignores data available
6bf4b3b5-2f44-4f51-ac23-e8600f540705,juice-shop-gitlab.com,a6730f78-6c40-45be-aeb3-73ec86870fec,snyk-lab/juice-shop-gitlab.com(FR-02):package.json,0,No ignores data available
6bf4b3b5-2f44-4f51-ac23-e8600f540705,juice-shop-gitlab.com,52832581-0a2c-41b9-aafc-1a76069554cc,snyk-lab/juice-shop-gitlab.com(FR-02):Dockerfile,0,No ignores data available
6bf4b3b5-2f44-4f51-ac23-e8600f540705,juice-shop-gitlab.com,ecbe2db1-79f3-4dca-a6c3-ae08e8ac219b,snyk-lab/juice-shop-gitlab.com(main),0,No ignores data available
6bf4b3b5-2f44-4f51-ac23-e8600f540705,juice-shop-gitlab.com,abcced5e-f499-48ba-ad7c-35460991e959,snyk-lab/juice-shop-gitlab.com(main):frontend/package.json,0,No ignores data available
6bf4b3b5-2f44-4f51-ac23-e8600f540705,juice-shop-gitlab.com,ccf6f4a7-9db2-4d6a-8b7b-6621a473d26c,snyk-lab/juice-shop-gitlab.com(main):package.json,0,No ignores data available
6bf4b3b5-2f44-4f51-ac23-e8600f540705,juice-shop-gitlab.com,c79180d3-842f-43aa-accb-5961d50686d4,snyk-lab/juice-shop-gitlab.com(main):Dockerfile,0,No ignores data available
f012e0d3-e772-4caf-9d15-b461e7994f1d,juice-shop-gitlab-universal,8f76f9bb-9b7e-48d6-9710-b0c6e02aed02,frontend,0,No ignores data available
f012e0d3-e772-4caf-9d15-b461e7994f1d,juice-shop-gitlab-universal,042b1d80-a82b-415c-a294-762ea397f4c9,juice-shop,0,No ignores data available
f012e0d3-e772-4caf-9d15-b461e7994f1d,juice-shop-gitlab-universal,68757d81-0fc8-434a-abf8-886d418a8af3,stephen/juice-shop-gitlab-universal(main):frontend/package.json,0,No ignores data available
f012e0d3-e772-4caf-9d15-b461e7994f1d,juice-shop-gitlab-universal,b3170204-7ea9-46fc-9093-e9cf0be36fc5,stephen/juice-shop-gitlab-universal(main):build/package.json,0,No ignores data available
f012e0d3-e772-4caf-9d15-b461e7994f1d,juice-shop-gitlab-universal,38732f4e-a5f0-4b84-90e0-0380a5c33f9a,stephen/juice-shop-gitlab-universal(main),0,No ignores data available
f012e0d3-e772-4caf-9d15-b461e7994f1d,juice-shop-gitlab-universal,121387cc-937a-4346-8164-d5c7987cfed4,stephen/juice-shop-gitlab-universal(main):package.json,0,No ignores data available
f012e0d3-e772-4caf-9d15-b461e7994f1d,juice-shop-gitlab-universal,73e41d18-634a-4176-9127-46179ecc6f41,stephen/juice-shop-gitlab-universal(main):Dockerfile,0,No ignores data available
d65354e1-9735-4a63-93d5-4d5f5316d949,mailanddns,53abcabb-277f-43f1-a877-c94de1d6beed,freshdemo/mailanddns:latest,0,No ignores data available
d65354e1-9735-4a63-93d5-4d5f5316d949,mailanddns,6d75d321-e0d8-42b1-898f-0e217367d3ca,freshdemo/mailanddns(master):Dockerfile,0,No ignores data available
d0610abb-ca14-45a7-92b9-a0c85bffcfa9,netsec.ninjastars.cloud,0d49c4c6-d666-4ddd-98bd-e9741cca6331,freshdemo/netsec.ninjastars.cloud(master):Gemfile.lock,0,No ignores data available
30143f6b-bf44-4b72-b351-d8ccc3f9346c,node-goof-azure-dockerhub-gke,02ee4290-3f1e-414f-af6e-3987863cc5c9,node-goof-azure-dockerhub-gke/deployment.apps/node-goof-azure-dockerhub-gke:freshdemo/node-goof-github-dockerhub-gke,0,No ignores data available
30143f6b-bf44-4b72-b351-d8ccc3f9346c,node-goof-azure-dockerhub-gke,a0261ac7-de80-4766-8217-e09d03782241,node-goof-azure-dockerhub-gke/deployment.apps/node-goof-azure-dockerhub-gke:/usr/src/goof/node_modules/snyk/wrapper_dist/snyk-linux,0,No ignores data available
30143f6b-bf44-4b72-b351-d8ccc3f9346c,node-goof-azure-dockerhub-gke,5c26f01c-5555-4818-a7eb-d407f1be6aa5,node-goof-azure-dockerhub-gke/deployment.apps/node-goof-azure-dockerhub-gke:/usr/src/goof/package.json,0,No ignores data available
30143f6b-bf44-4b72-b351-d8ccc3f9346c,node-goof-azure-dockerhub-gke,871391f5-35ba-4963-a485-3781b444fced,node-goof-azure-dockerhub-gke/deployment.apps/goof-mongo:mongo,0,No ignores data available
30143f6b-bf44-4b72-b351-d8ccc3f9346c,node-goof-azure-dockerhub-gke,c08bb7f7-582c-4d7a-8365-c5f44505ef13,node-goof-azure-dockerhub-gke/deployment.apps/goof-mongo:/usr/local/bin/gosu,0,No ignores data available
30143f6b-bf44-4b72-b351-d8ccc3f9346c,node-goof-azure-dockerhub-gke,75deaf61-3af1-44f1-878d-da3fbc22a8d9,docker-image|freshdemo/node-goof-azure-dockerhub-gke:/usr/src/goof/node_modules/snyk/wrapper_dist/snyk-linux,0,No ignores data available
30143f6b-bf44-4b72-b351-d8ccc3f9346c,node-goof-azure-dockerhub-gke,8e06f412-d5dc-4ffa-ba4d-f85e62fed3ef,docker-image|freshdemo/node-goof-azure-dockerhub-gke:/usr/src/goof/package.json,0,No ignores data available
30143f6b-bf44-4b72-b351-d8ccc3f9346c,node-goof-azure-dockerhub-gke,e59efff6-491b-443a-a8c7-a81bfd013a14,docker-image|freshdemo/node-goof-azure-dockerhub-gke,0,No ignores data available
30143f6b-bf44-4b72-b351-d8ccc3f9346c,node-goof-azure-dockerhub-gke,3e00e62f-8f1a-4ac7-ad29-8464c5de5c92,goof,0,No ignores data available
30143f6b-bf44-4b72-b351-d8ccc3f9346c,node-goof-azure-dockerhub-gke,7fa9c61b-0d07-44b0-a445-886f7452dfc7,freshdemo/node-goof-azure-dockerhub-gke:latest,0,No ignores data available
30143f6b-bf44-4b72-b351-d8ccc3f9346c,node-goof-azure-dockerhub-gke,01745265-c828-43db-ac0c-0d0358482305,freshdemo/node-goof-azure-dockerhub-gke:latest:/usr/src/goof/package.json,0,No ignores data available
30143f6b-bf44-4b72-b351-d8ccc3f9346c,node-goof-azure-dockerhub-gke,b9863090-8fba-4a89-a5c5-a087b9e9f43a,freshdemo/node-goof-azure-dockerhub-gke:latest:/usr/src/goof/node_modules/snyk/wrapper_dist/snyk-linux,0,No ignores data available
30143f6b-bf44-4b72-b351-d8ccc3f9346c,node-goof-azure-dockerhub-gke,c65e2b2b-a9b7-4fc1-bb93-c983bb4a2b2b,freshdemo/node-goof-azure-dockerhub-gke:amd,0,No ignores data available
30143f6b-bf44-4b72-b351-d8ccc3f9346c,node-goof-azure-dockerhub-gke,deab2170-f7ea-4b31-b433-6d57ab70850f,freshdemo/node-goof-azure-dockerhub-gke:amd:/usr/src/goof/node_modules/snyk/wrapper_dist/snyk-linux,0,No ignores data available
30143f6b-bf44-4b72-b351-d8ccc3f9346c,node-goof-azure-dockerhub-gke,7226e26a-801f-4aa9-85b3-8459df6e31d8,freshdemo/node-goof-azure-dockerhub-gke:amd:/usr/src/goof/package.json,0,No ignores data available
30143f6b-bf44-4b72-b351-d8ccc3f9346c,node-goof-azure-dockerhub-gke,df6df1a6-9ff5-4698-b1ef-46aff8391a4e,freshdemo/node-goof-azure-dockerhub-gke:jenkins,0,No ignores data available
30143f6b-bf44-4b72-b351-d8ccc3f9346c,node-goof-azure-dockerhub-gke,25210be0-b365-4faa-a634-da0b16945621,freshdemo/node-goof-azure-dockerhub-gke:jenkins:/usr/src/goof/node_modules/snyk/wrapper_dist/snyk-linux,0,No ignores data available
30143f6b-bf44-4b72-b351-d8ccc3f9346c,node-goof-azure-dockerhub-gke,60e22d9d-3352-430d-82f8-dee0b0bcd5bf,freshdemo/node-goof-azure-dockerhub-gke:jenkins:/usr/src/goof/package.json,0,No ignores data available
30143f6b-bf44-4b72-b351-d8ccc3f9346c,node-goof-azure-dockerhub-gke,74833b79-7441-41fe-ad60-83b63433dffe,Development/node-goof-azure-dockerhub-gke,1,"ID: 72957ca4-99a1-44a8-8f88-8863c5c0d0e3, Reason: , Expires: 2024-02-22T15:24:43.477Z, Created: 2024-02-08T15:24:44.182Z"
30143f6b-bf44-4b72-b351-d8ccc3f9346c,node-goof-azure-dockerhub-gke,dbd7f23a-3182-4bc0-b105-e0846529ecc8,Development/node-goof-azure-dockerhub-gke:Dockerfile,0,No ignores data available
30143f6b-bf44-4b72-b351-d8ccc3f9346c,node-goof-azure-dockerhub-gke,63263b50-4348-4cbf-9c52-236fd8d6171a,Development/node-goof-azure-dockerhub-gke:package.json,1,"ID: SNYK-JS-EJS-2803307, Reason: No reason provided, Expires: Never, Created: Unknown"
c1264833-b9f1-4698-a425-10f1d402a3d9,node-goof-github-dockerhub-gke,24baf9ee-b92e-453a-aee0-a04d53844de8,node-goof-github-dockerhub-gke/deployment.apps/node-goof-github-dockerhub-gke:freshdemo/node-goof-github-dockerhub-gke,0,No ignores data available
c1264833-b9f1-4698-a425-10f1d402a3d9,node-goof-github-dockerhub-gke,7f8cade9-ff0f-46bc-bf37-e4cd1b56d8b8,node-goof-github-dockerhub-gke/deployment.apps/node-goof-github-dockerhub-gke:/usr/src/goof/node_modules/snyk/wrapper_dist/snyk-linux,0,No ignores data available
c1264833-b9f1-4698-a425-10f1d402a3d9,node-goof-github-dockerhub-gke,07d12df5-75c5-4eef-8852-cd20c4e97969,node-goof-github-dockerhub-gke/deployment.apps/node-goof-github-dockerhub-gke:/usr/src/goof/package.json,0,No ignores data available
c1264833-b9f1-4698-a425-10f1d402a3d9,node-goof-github-dockerhub-gke,65f555fb-b36b-4f86-847e-7842749c38cf,node-goof-github-dockerhub-gke/deployment.apps/node-goof-mongo-github-dockerhub-gke:mongo,0,No ignores data available
c1264833-b9f1-4698-a425-10f1d402a3d9,node-goof-github-dockerhub-gke,8c4f7315-061d-42a8-a6b0-3b31cd838ec8,docker-image|freshdemo/node-goof-github-dockerhub-gke:/usr/src/goof/node_modules/snyk/wrapper_dist/snyk-linux,0,No ignores data available
c1264833-b9f1-4698-a425-10f1d402a3d9,node-goof-github-dockerhub-gke,aca41c4b-4395-4d8e-877e-5f6946814793,docker-image|freshdemo/node-goof-github-dockerhub-gke:/usr/src/goof/package.json,0,No ignores data available
c1264833-b9f1-4698-a425-10f1d402a3d9,node-goof-github-dockerhub-gke,735b4c73-073d-4e3c-bb3c-d8e6ed6c952b,docker-image|freshdemo/node-goof-github-dockerhub-gke,0,No ignores data available
c1264833-b9f1-4698-a425-10f1d402a3d9,node-goof-github-dockerhub-gke,5ddc01cc-c6da-4445-8c4e-180c51868cdc,goof,0,No ignores data available
c1264833-b9f1-4698-a425-10f1d402a3d9,node-goof-github-dockerhub-gke,45b2b0a4-7769-4482-aa67-f1121195510f,freshdemo/node-goof-github-dockerhub-gke:amd,0,No ignores data available
c1264833-b9f1-4698-a425-10f1d402a3d9,node-goof-github-dockerhub-gke,78ce6f14-da4e-4721-b6ee-f976c4023561,freshdemo/node-goof-github-dockerhub-gke:amd:/usr/src/goof/node_modules/snyk/wrapper_dist/snyk-linux,0,No ignores data available
c1264833-b9f1-4698-a425-10f1d402a3d9,node-goof-github-dockerhub-gke,2a1915b7-24dc-42f8-b528-b20000d49128,freshdemo/node-goof-github-dockerhub-gke:amd:/usr/src/goof/package.json,0,No ignores data available
c1264833-b9f1-4698-a425-10f1d402a3d9,node-goof-github-dockerhub-gke,6e83efb3-af65-4a1a-b8de-6f553d4bb995,freshdemo/node-goof-github-dockerhub-gke:gha,0,No ignores data available
c1264833-b9f1-4698-a425-10f1d402a3d9,node-goof-github-dockerhub-gke,a518eac5-d8b3-449e-8e39-6a5442614e9d,freshdemo/node-goof-github-dockerhub-gke:gha:/usr/src/goof/node_modules/snyk/wrapper_dist/snyk-linux,0,No ignores data available
c1264833-b9f1-4698-a425-10f1d402a3d9,node-goof-github-dockerhub-gke,5ca4c534-cd6b-4874-95bc-2580aba137ae,freshdemo/node-goof-github-dockerhub-gke:gha:/usr/src/goof/package.json,0,No ignores data available
c1264833-b9f1-4698-a425-10f1d402a3d9,node-goof-github-dockerhub-gke,fee9fc30-bd82-4612-b8aa-dd99aeabeaec,stephen-snyk/node-goof-github-dockerhub-gke,0,No ignores data available
c1264833-b9f1-4698-a425-10f1d402a3d9,node-goof-github-dockerhub-gke,93e1d7d9-b79c-49cb-8ec8-65ab4c8f7278,stephen-snyk/node-goof-github-dockerhub-gke:package.json,0,No ignores data available
c1264833-b9f1-4698-a425-10f1d402a3d9,node-goof-github-dockerhub-gke,f4e615a5-0fc0-4080-ad58-3e86bb3a9c9c,stephen-snyk/node-goof-github-dockerhub-gke:Dockerfile,0,No ignores data available
02912b8f-9d3a-4ca4-9f4a-b4d66026013c,node-simple-rce,98ea3a24-070d-4536-9ab1-c052cda89191,freshdemo/node-simple-rce:latest,0,No ignores data available
02912b8f-9d3a-4ca4-9f4a-b4d66026013c,node-simple-rce,5eaa4a5d-afdf-47b8-a0a8-428e0b016bf9,freshdemo/node-simple-rce:latest:/usr/local/lib/node_modules,0,No ignores data available
02912b8f-9d3a-4ca4-9f4a-b4d66026013c,node-simple-rce,ca6708a2-6323-492c-8b59-aff5262e001b,freshdemo/node-simple-rce:latest:/usr/src/app/package.json,0,No ignores data available
02912b8f-9d3a-4ca4-9f4a-b4d66026013c,node-simple-rce,206e741d-7e37-4d7a-b05e-c2bb0a17a66a,freshdemo/node-simple-rce(master):package.json,0,No ignores data available
02912b8f-9d3a-4ca4-9f4a-b4d66026013c,node-simple-rce,8a56958e-4361-4607-a264-bff8ab5a06b6,freshdemo/node-simple-rce(master):Dockerfile,0,No ignores data available
918d07c5-95ba-4b05-959b-a1680e1a9d50,OpenSource,7ae3c8bf-fab7-4196-893f-b22369a77f39,mozilla-mobile/firefox-android:taskcluster/scripts/lint/requirements.txt,0,No ignores data available
918d07c5-95ba-4b05-959b-a1680e1a9d50,OpenSource,db52dfc4-57b4-477d-aa9e-1bae25953117,mozilla-mobile/firefox-android:taskcluster/requirements.txt,0,No ignores data available
918d07c5-95ba-4b05-959b-a1680e1a9d50,OpenSource,d81677d6-2aaa-4e3c-9872-f86afdb53e2e,mozilla-mobile/firefox-android:fenix/app/src/androidTest/java/org/mozilla/fenix/syncintegration/Pipfile,0,No ignores data available
918d07c5-95ba-4b05-959b-a1680e1a9d50,OpenSource,2093ea0e-bd87-4dcf-acb4-edc0d3b31bfe,mozilla-mobile/firefox-android:fenix/app/src/androidTest/java/org/mozilla/fenix/experimentintegration/Pipfile,0,No ignores data available
918d07c5-95ba-4b05-959b-a1680e1a9d50,OpenSource,27679698-dfad-49d0-9d8b-a4f0763ae044,brave/brave-browser,0,No ignores data available
918d07c5-95ba-4b05-959b-a1680e1a9d50,OpenSource,b030a970-444f-436e-9bdf-2304392bf336,brave/brave-browser:package.json,0,No ignores data available
918d07c5-95ba-4b05-959b-a1680e1a9d50,OpenSource,ff130f3d-dca3-4200-a1ad-207078f23fc6,mozilla-mobile/firefox-android,0,No ignores data available
918d07c5-95ba-4b05-959b-a1680e1a9d50,OpenSource,baee086a-1881-4e15-b2cc-11192eec5770,mozilla-mobile/firefox-android:taskcluster/docker/base/Dockerfile,0,No ignores data available
918d07c5-95ba-4b05-959b-a1680e1a9d50,OpenSource,1c028431-687a-41f5-ac95-965fd01c49f6,mozilla-mobile/firefox-android:focus-android/tools/docker/Dockerfile,0,No ignores data available
918d07c5-95ba-4b05-959b-a1680e1a9d50,OpenSource,fd373f1b-0023-4eab-bdae-52929bd35b98,mozilla-mobile/firefox-android:docs/Gemfile.lock,0,No ignores data available
918d07c5-95ba-4b05-959b-a1680e1a9d50,OpenSource,679b9cdc-c897-4bb0-8009-54d3e35242ed,ggerganov/llama.cpp:requirements/requirements-convert_lora_to_gguf.txt,0,No ignores data available
918d07c5-95ba-4b05-959b-a1680e1a9d50,OpenSource,6c3fdcbb-759a-4fcb-9e5d-71cb86a3068a,ggerganov/llama.cpp:requirements/requirements-pydantic.txt,0,No ignores data available
918d07c5-95ba-4b05-959b-a1680e1a9d50,OpenSource,440289ce-6834-4f1f-8906-531e7c98d032,ggerganov/llama.cpp:requirements/requirements-test-tokenizer-random.txt,0,No ignores data available
918d07c5-95ba-4b05-959b-a1680e1a9d50,OpenSource,ded06ab7-e6d6-4c5d-9a8b-209f38b7c540,ggerganov/llama.cpp:requirements/requirements-convert_llama_ggml_to_gguf.txt,0,No ignores data available
918d07c5-95ba-4b05-959b-a1680e1a9d50,OpenSource,bce28396-3b87-4e74-a582-81d837636da4,ggerganov/llama.cpp:requirements/requirements-convert_legacy_llama.txt,0,No ignores data available
918d07c5-95ba-4b05-959b-a1680e1a9d50,OpenSource,8db5485d-bf49-40dc-91c9-da7fa68117c8,ggerganov/llama.cpp:requirements/requirements-convert_hf_to_gguf_update.txt,0,No ignores data available
918d07c5-95ba-4b05-959b-a1680e1a9d50,OpenSource,dc249341-bc8c-4f09-9ea2-5fb72c994b4b,ggerganov/llama.cpp:requirements/requirements-convert_hf_to_gguf.txt,0,No ignores data available
918d07c5-95ba-4b05-959b-a1680e1a9d50,OpenSource,96fa230b-49aa-4904-8958-080a527ac59f,ggerganov/llama.cpp:requirements/requirements-compare-llama-bench.txt,0,No ignores data available
918d07c5-95ba-4b05-959b-a1680e1a9d50,OpenSource,ee9e999a-3c75-4afd-8f57-c039c42c75f7,ggerganov/llama.cpp:requirements/requirements-all.txt,0,No ignores data available
918d07c5-95ba-4b05-959b-a1680e1a9d50,OpenSource,c0b9970b-d393-4805-87a0-5760d6d552fd,ggerganov/llama.cpp:requirements.txt,0,No ignores data available
918d07c5-95ba-4b05-959b-a1680e1a9d50,OpenSource,2d57192f-5a72-485a-81cc-033eac3c5417,ggerganov/llama.cpp:pyproject.toml,0,No ignores data available
918d07c5-95ba-4b05-959b-a1680e1a9d50,OpenSource,858c3517-7136-40e9-8cbe-86cdeddc8876,ggerganov/llama.cpp:examples/server/bench/requirements.txt,0,No ignores data available
918d07c5-95ba-4b05-959b-a1680e1a9d50,OpenSource,77b48f79-c6a3-4b42-9c3f-62e1ecd629c7,ggerganov/llama.cpp:examples/llava/requirements.txt,0,No ignores data available
918d07c5-95ba-4b05-959b-a1680e1a9d50,OpenSource,74e9b877-9533-4f7e-bedb-a0a7178351e7,ggerganov/llama.cpp,0,No ignores data available
918d07c5-95ba-4b05-959b-a1680e1a9d50,OpenSource,038e55f0-14fa-4792-997c-799710e7866f,ggerganov/llama.cpp:examples/gguf-hash/deps/sha256/package.json,0,No ignores data available
918d07c5-95ba-4b05-959b-a1680e1a9d50,OpenSource,2341ba4b-0d3d-4e91-84a7-9c1965e0cf65,ggerganov/llama.cpp:examples/gguf-hash/deps/sha1/package.json,0,No ignores data available
918d07c5-95ba-4b05-959b-a1680e1a9d50,OpenSource,41d3abb7-045f-41c0-b1b9-a1d5564fe0b0,ggerganov/llama.cpp:examples/gguf-hash/deps/rotate-bits/package.json,0,No ignores data available
918d07c5-95ba-4b05-959b-a1680e1a9d50,OpenSource,8459e2ac-c88f-4fbb-8b5e-560faab774d7,ggerganov/whisper.cpp:models/requirements-openvino.txt,0,No ignores data available
918d07c5-95ba-4b05-959b-a1680e1a9d50,OpenSource,117655be-0066-4c9d-a1c3-f410a16d8f2f,ggerganov/whisper.cpp:models/requirements-coreml.txt,0,No ignores data available
918d07c5-95ba-4b05-959b-a1680e1a9d50,OpenSource,500f4888-eed9-43c1-b903-7b02ea44a16a,ggerganov/whisper.cpp,0,No ignores data available
918d07c5-95ba-4b05-959b-a1680e1a9d50,OpenSource,e4aafd3f-6c86-4f1a-991c-9a60e536ae9e,ggerganov/whisper.cpp:bindings/go/go.mod,0,No ignores data available
918d07c5-95ba-4b05-959b-a1680e1a9d50,OpenSource,a3447df8-bb39-41e6-95dd-b785c7f6ff0f,ggerganov/whisper.cpp:examples/wchess/wchess.wasm/chessboardjs-1.0.0/js/chessboard-1.0.0/package.json,0,No ignores data available
918d07c5-95ba-4b05-959b-a1680e1a9d50,OpenSource,91b03f26-b81f-4105-9f59-99470e03a2ea,ggerganov/whisper.cpp:examples/addon.node/package.json,0,No ignores data available
918d07c5-95ba-4b05-959b-a1680e1a9d50,OpenSource,e1e08161-55a2-4602-9ffb-e2a683a2abc9,ggerganov/whisper.cpp:bindings/javascript/package.json,0,No ignores data available
918d07c5-95ba-4b05-959b-a1680e1a9d50,OpenSource,02318fa2-f4a9-48e6-95c0-18924c472517,bitcoin/bitcoin,0,No ignores data available
918d07c5-95ba-4b05-959b-a1680e1a9d50,OpenSource,654d58e7-72c1-4cf9-be47-6e53060895b5,signalapp/Signal-iOS,0,No ignores data available
918d07c5-95ba-4b05-959b-a1680e1a9d50,OpenSource,ee0e469c-96b9-4b6d-98aa-a26873227703,signalapp/Signal-iOS:Podfile,0,No ignores data available
918d07c5-95ba-4b05-959b-a1680e1a9d50,OpenSource,8471cda6-ca57-4d0b-868f-761bc2290a2e,signalapp/Signal-iOS:Gemfile.lock,0,No ignores data available
918d07c5-95ba-4b05-959b-a1680e1a9d50,OpenSource,b33c2f4f-aae7-41a6-8c56-8bdb6c3a5b06,keepassium/KeePassium,0,No ignores data available
918d07c5-95ba-4b05-959b-a1680e1a9d50,OpenSource,8f0cde06-5c6f-4c0f-a264-79e87e67e38f,standardnotes/app:packages/features/package.json,0,No ignores data available
918d07c5-95ba-4b05-959b-a1680e1a9d50,OpenSource,e176167f-50ce-4361-966b-3c65c3a2f1d0,keepassxreboot/keepassxc,0,No ignores data available
918d07c5-95ba-4b05-959b-a1680e1a9d50,OpenSource,4c193063-8ccf-4c20-b104-d90915562aff,standardnotes/app:packages/web/package.json,0,No ignores data available
918d07c5-95ba-4b05-959b-a1680e1a9d50,OpenSource,7b37a6cb-7673-4b27-ad41-e5af61b8a375,standardnotes/app:packages/utils/package.json,0,No ignores data available
918d07c5-95ba-4b05-959b-a1680e1a9d50,OpenSource,3c4ec5a6-81c9-4cc0-835a-483d73b28143,standardnotes/app:packages/ui-services/package.json,0,No ignores data available
918d07c5-95ba-4b05-959b-a1680e1a9d50,OpenSource,d5b0ffe2-f214-40eb-bc1e-3739577e2ef6,standardnotes/app:packages/toast/package.json,0,No ignores data available
918d07c5-95ba-4b05-959b-a1680e1a9d50,OpenSource,c54ecd33-5ae2-4fdf-8f76-90ac8e28138e,standardnotes/app:packages/styles/package.json,0,No ignores data available
918d07c5-95ba-4b05-959b-a1680e1a9d50,OpenSource,92aa1061-d9ab-480a-910e-527d632b0565,standardnotes/app:packages/snjs/package.json,0,No ignores data available
918d07c5-95ba-4b05-959b-a1680e1a9d50,OpenSource,9242cd07-62be-4f54-8c21-3bf6c192d50b,standardnotes/app:packages/sncrypto-web/package.json,0,No ignores data available
918d07c5-95ba-4b05-959b-a1680e1a9d50,OpenSource,f6ce771f-ddb6-492a-967f-803a5098b04c,standardnotes/app:packages/sncrypto-common/package.json,0,No ignores data available
918d07c5-95ba-4b05-959b-a1680e1a9d50,OpenSource,4c68c3f1-19a5-433a-8118-7b5ecd89c317,standardnotes/app:packages/services/package.json,0,No ignores data available
918d07c5-95ba-4b05-959b-a1680e1a9d50,OpenSource,798e1098-4da1-42a8-8d82-c1800840d32c,standardnotes/app:packages/releases/package.json,0,No ignores data available
918d07c5-95ba-4b05-959b-a1680e1a9d50,OpenSource,a642b395-13df-4f59-86bb-2b3e38950601,standardnotes/app:packages/responses/package.json,0,No ignores data available
918d07c5-95ba-4b05-959b-a1680e1a9d50,OpenSource,0481bad1-143f-44ed-bd2a-280ac3e7ded7,standardnotes/app:packages/models/package.json,0,No ignores data available
918d07c5-95ba-4b05-959b-a1680e1a9d50,OpenSource,d4e404b0-92d8-491a-bfc9-cd634279b9f9,standardnotes/app:packages/icons/package.json,0,No ignores data available
918d07c5-95ba-4b05-959b-a1680e1a9d50,OpenSource,9d927605-d330-4716-859b-bd3792bb70ac,standardnotes/app:packages/filepicker/package.json,0,No ignores data available
918d07c5-95ba-4b05-959b-a1680e1a9d50,OpenSource,450e5bd5-97f9-4902-ab8a-e3f8bf4b7019,standardnotes/app:packages/mobile/package.json,0,No ignores data available
918d07c5-95ba-4b05-959b-a1680e1a9d50,OpenSource,49390f2b-fbeb-44ac-8d57-91deeacf691e,standardnotes/app:packages/filepicker/example/package.json,0,No ignores data available
918d07c5-95ba-4b05-959b-a1680e1a9d50,OpenSource,bcffd0a2-d820-4ae2-8527-984275eb00e2,standardnotes/app:packages/files/package.json,0,No ignores data available
918d07c5-95ba-4b05-959b-a1680e1a9d50,OpenSource,ed014405-c7cd-4f28-9dbb-de60e6529b5d,keepassxreboot/keepassxc:utils/keepassxc-cr-recovery/go.mod,0,No ignores data available
918d07c5-95ba-4b05-959b-a1680e1a9d50,OpenSource,034211fa-faa4-4c86-929b-ca05ce5437ab,standardnotes/app:packages/encryption/package.json,0,No ignores data available
918d07c5-95ba-4b05-959b-a1680e1a9d50,OpenSource,08ca1988-04e4-4031-a4d9-a4b1835bc951,standardnotes/app:packages/clipper/package.json,0,No ignores data available
918d07c5-95ba-4b05-959b-a1680e1a9d50,OpenSource,725473be-2d71-4863-b151-31ceb2485288,standardnotes/app:packages/api/package.json,0,No ignores data available
918d07c5-95ba-4b05-959b-a1680e1a9d50,OpenSource,475d3fb1-b43e-479f-b6c8-2d393fc506aa,standardnotes/app:package.json,0,No ignores data available
918d07c5-95ba-4b05-959b-a1680e1a9d50,OpenSource,9866887a-6867-4298-acfc-83b079f28e4c,standardnotes/app,0,No ignores data available
918d07c5-95ba-4b05-959b-a1680e1a9d50,OpenSource,49500dc4-14e3-4040-b1cb-a47e23d40410,standardnotes/app:packages/mobile/android/build.gradle,0,No ignores data available
918d07c5-95ba-4b05-959b-a1680e1a9d50,OpenSource,8bc28f83-5957-408b-b99d-52e1872c050d,standardnotes/app:packages/mobile/android/app/build.gradle,0,No ignores data available
918d07c5-95ba-4b05-959b-a1680e1a9d50,OpenSource,3edcb86e-e3b1-4745-8a9e-5d2e2b83730d,standardnotes/app:packages/web/Dockerfile,0,No ignores data available
918d07c5-95ba-4b05-959b-a1680e1a9d50,OpenSource,7ded823a-5a06-45a5-9c82-eb007ffe1f85,standardnotes/app:packages/mobile/ios/Podfile,0,No ignores data available
918d07c5-95ba-4b05-959b-a1680e1a9d50,OpenSource,3ed5112c-f3b3-40fd-9cab-83bbf46344ab,standardnotes/app:packages/mobile/Gemfile.lock,0,No ignores data available
918d07c5-95ba-4b05-959b-a1680e1a9d50,OpenSource,a7479977-eb3c-400b-afca-50dda950d794,standardnotes/app:packages/snjs/Dockerfile,0,No ignores data available
b8d74186-de41-4b9f-be2e-463f11475e80,perciballi-okta-default,7f04219b-d236-4eb3-b9fc-aa8b3ea434e4,stephen-snyk/snyk-goof,0,No ignores data available
b8d74186-de41-4b9f-be2e-463f11475e80,perciballi-okta-default,30b66ebe-51ba-49e8-8cc1-d4d4b48f2820,stephen-snyk/snyk-goof:package.json,0,No ignores data available
b8d74186-de41-4b9f-be2e-463f11475e80,perciballi-okta-default,828ce654-9dfb-45c4-9919-a4f6cc7abe61,stephen-snyk/snyk-goof:Dockerfile,0,No ignores data available
7c4ef825-3208-4611-b460-099c7678d3ee,renovations.perciballi.ca,d7983cb2-5ee6-4242-8ac7-53e74c5bb375,freshdemo/renovations.perciballi.ca(main):Gemfile.lock,0,No ignores data available
060eec66-a47d-4bdd-bf67-2e0e07d0c32f,sperciballi-cluster,9ca6b809-a3da-42fd-9298-3f2632cf9c08,snyk-monitor/deployment.apps/snyk-monitor:snyk/kubernetes-monitor,0,No ignores data available
060eec66-a47d-4bdd-bf67-2e0e07d0c32f,sperciballi-cluster,ba0d70d7-eca2-4e08-b0e6-8745ab6eaf24,snyk-runtime-sensor/daemonset.apps/runtime-sensor:snyk/runtime-sensor,0,No ignores data available
060eec66-a47d-4bdd-bf67-2e0e07d0c32f,sperciballi-cluster,1530c981-8c43-441b-84fc-bb7e90d57fd0,snyk-runtime-sensor/daemonset.apps/runtime-sensor:/runtime-daemonset,0,No ignores data available
060eec66-a47d-4bdd-bf67-2e0e07d0c32f,sperciballi-cluster,5c156982-8eba-40a1-8398-1952f81faaca,snyk-monitor/deployment.apps/snyk-monitor:/google-cloud-sdk/bin/gcloud-crc32c,0,No ignores data available
060eec66-a47d-4bdd-bf67-2e0e07d0c32f,sperciballi-cluster,6d63f971-8748-4383-85d7-0eec05c50ddf,snyk-monitor/deployment.apps/snyk-monitor:/usr/bin/docker-credential-acr-env,0,No ignores data available
060eec66-a47d-4bdd-bf67-2e0e07d0c32f,sperciballi-cluster,be252297-af0a-424d-8b32-6cb868bbf13a,snyk-monitor/deployment.apps/snyk-monitor:/usr/bin/docker-credential-ecr-login,0,No ignores data available
060eec66-a47d-4bdd-bf67-2e0e07d0c32f,sperciballi-cluster,eeb023a8-0488-41c1-a39b-d8a5b3a0a892,default/deployment.apps/kubernetes-scanner:snyk/kubernetes-scanner,0,No ignores data available
060eec66-a47d-4bdd-bf67-2e0e07d0c32f,sperciballi-cluster,787f6a16-df5b-400a-a81a-85da3ec6591f,node-goof-azure-dockerhub-gke/deployment.apps/goof-mongo:mongo,0,No ignores data available
060eec66-a47d-4bdd-bf67-2e0e07d0c32f,sperciballi-cluster,cf9b44ca-26ac-4c92-a3b2-a7e47d7ebca5,snyk-monitor/deployment.apps/snyk-monitor:/srv/app/package.json,0,No ignores data available
060eec66-a47d-4bdd-bf67-2e0e07d0c32f,sperciballi-cluster,49b65cf7-3a1c-405a-87a0-f1db1e0c35db,node-goof-github-dockerhub-gke/deployment.apps/node-goof-github-dockerhub-gke:freshdemo/node-goof-github-dockerhub-gke,0,No ignores data available
060eec66-a47d-4bdd-bf67-2e0e07d0c32f,sperciballi-cluster,8b0e7956-18ab-47ee-9838-f76669589cc0,node-goof-github-dockerhub-gke/deployment.apps/node-goof-github-dockerhub-gke:/usr/src/goof/node_modules/snyk/wrapper_dist/snyk-linux,0,No ignores data available
060eec66-a47d-4bdd-bf67-2e0e07d0c32f,sperciballi-cluster,7f7b07e8-c2b8-435f-9d9e-b455c3c3e9ee,default/deployment.apps/kubernetes-scanner:/kubernetes-scanner,0,No ignores data available
060eec66-a47d-4bdd-bf67-2e0e07d0c32f,sperciballi-cluster,a99f7f80-f532-421d-9da0-496b28b28dc2,node-goof-github-dockerhub-gke/deployment.apps/node-goof-mongo-github-dockerhub-gke:mongo,0,No ignores data available
060eec66-a47d-4bdd-bf67-2e0e07d0c32f,sperciballi-cluster,9e338395-cc61-48fc-90be-a611e5ec943f,node-goof-azure-dockerhub-gke/deployment.apps/goof-mongo:/usr/local/bin/gosu,0,No ignores data available
060eec66-a47d-4bdd-bf67-2e0e07d0c32f,sperciballi-cluster,0148e9ad-af95-4811-b379-13fc91f82e3a,juice-shop-github-dockerhub-gke/deployment.apps/juice-shop-github-dockerhub-gke:freshdemo/juice-shop-github-dockerhub-gke,0,No ignores data available
060eec66-a47d-4bdd-bf67-2e0e07d0c32f,sperciballi-cluster,7db8ee0b-6e56-4389-8446-7ad89f510f69,juice-shop-github-dockerhub-gke/deployment.apps/juice-shop-github-dockerhub-gke:/juice-shop/package.json,0,No ignores data available
139d8568-ad3c-411c-9286-063a93bed80d,ToDoList-java,60766882-e785-4b9c-bed8-794a6de55b7f,java-goof/deployment.apps/java-goof:/usr/local/tomcat/bin,0,No ignores data available
139d8568-ad3c-411c-9286-063a93bed80d,ToDoList-java,64637b32-5cee-4c16-8205-b8e4d8b1d6f7,java-goof/deployment.apps/java-goof:northamerica-northeast2-docker.pkg.dev/snyk-cx-se-demo/sperciballi-registry/java-goof,0,No ignores data available
139d8568-ad3c-411c-9286-063a93bed80d,ToDoList-java,6161369d-6825-4bf0-9585-d06de02a9e85,java-goof/deployment.apps/java-goof:/usr/local/tomcat/lib,0,No ignores data available
139d8568-ad3c-411c-9286-063a93bed80d,ToDoList-java,497893db-8893-411d-ae3e-ca58856c381e,java-goof/deployment.apps/java-goof:/usr/local/tomcat/webapps/examples/WEB-INF/lib,0,No ignores data available
139d8568-ad3c-411c-9286-063a93bed80d,ToDoList-java,45422916-d123-4b7d-9440-b3939e58accf,java-goof/deployment.apps/java-goof:/usr/local/tomcat/webapps/todolist/WEB-INF/lib,2,"ID: SNYK-JAVA-ORGAPACHELOGGINGLOG4J-2314720, Reason: No reason provided, Expires: Never, Created: Unknown; ID: SNYK-JAVA-COMMONSCOLLECTIONS-30078, Reason: No reason provided, Expires: Never, Created: Unknown"
139d8568-ad3c-411c-9286-063a93bed80d,ToDoList-java,b02febcf-f9ac-40bd-b2d9-a0ff2d17c978,stephen-snyk/java-goof:todolist-goof/k8s/noegress.yaml,0,No ignores data available
139d8568-ad3c-411c-9286-063a93bed80d,ToDoList-java,a7961d5e-72ea-43d2-8b86-ad5f345a3431,stephen-snyk/java-goof:todolist-goof/k8s/java-goof2.yaml,0,No ignores data available
139d8568-ad3c-411c-9286-063a93bed80d,ToDoList-java,654a9e54-d38e-4d37-94e4-eedfe607402c,stephen-snyk/java-goof:todolist-goof/k8s/java-goof3.yaml,0,No ignores data available
139d8568-ad3c-411c-9286-063a93bed80d,ToDoList-java,7712d50d-5e77-4729-837c-604e16238b56,stephen-snyk/java-goof:todolist-goof/k8s/metallb-config.yaml,0,No ignores data available
139d8568-ad3c-411c-9286-063a93bed80d,ToDoList-java,16ad06c4-130a-48e1-875c-6a398f520cdb,stephen-snyk/java-goof:todolist-goof/k8s/java-goof.yaml,0,No ignores data available
139d8568-ad3c-411c-9286-063a93bed80d,ToDoList-java,eaee157f-2f32-401c-b5a0-0697dcaee7d8,stephen-snyk/java-goof:todolist-goof/k8s/calico.yaml,0,No ignores data available
139d8568-ad3c-411c-9286-063a93bed80d,ToDoList-java,3a959d06-f101-4e5d-b6b2-6216a4014d03,stephen-snyk/java-goof:log4shell-goof/log4shell-server/k8s/deploy.yaml,0,No ignores data available
139d8568-ad3c-411c-9286-063a93bed80d,ToDoList-java,229b5cc2-5d3e-4c3b-828c-b5bc49d8a9e0,io.github.snyk:todolist-web-struts,0,No ignores data available
139d8568-ad3c-411c-9286-063a93bed80d,ToDoList-java,ec4756b7-05d3-4ddf-8d06-0fa383bfc4c1,io.github.snyk:todolist-web-common,0,No ignores data available
139d8568-ad3c-411c-9286-063a93bed80d,ToDoList-java,fb00d691-d07f-4301-947f-96302dd7d3f3,io.github.snyk:todolist-core,0,No ignores data available
139d8568-ad3c-411c-9286-063a93bed80d,ToDoList-java,a1cbc3c4-2955-4d39-b4e6-71df324a83e4,io.github.snyk:todolist-mvc,0,No ignores data available
139d8568-ad3c-411c-9286-063a93bed80d,ToDoList-java,7d507247-b310-47ed-ae27-7961f944b448,io.snyk:log4shell-server,0,No ignores data available
139d8568-ad3c-411c-9286-063a93bed80d,ToDoList-java,26d62209-fd2b-4d4c-9c0f-86975ee6c08b,io.snyk:log4shell-client,0,No ignores data available
139d8568-ad3c-411c-9286-063a93bed80d,ToDoList-java,823437a0-8f80-4e99-82da-bc309550ea31,io.snyk:log4shell-poc,0,No ignores data available
139d8568-ad3c-411c-9286-063a93bed80d,ToDoList-java,271ce37a-a078-4bfd-a686-d6f467453603,io.github.snyk:java-goof,0,No ignores data available
139d8568-ad3c-411c-9286-063a93bed80d,ToDoList-java,7c2c4aa2-6cab-4fb6-a563-cdea38267a5e,freshdemo/java-goof:latest,0,No ignores data available
139d8568-ad3c-411c-9286-063a93bed80d,ToDoList-java,90618a2e-64a5-4b07-8585-25a129f0ab19,freshdemo/java-goof:latest:/usr/local/tomcat/lib,0,No ignores data available
139d8568-ad3c-411c-9286-063a93bed80d,ToDoList-java,609ad6a3-ed78-4659-a01a-e42fb74f27fd,freshdemo/java-goof:latest:/usr/local/tomcat/webapps/todolist/WEB-INF/lib,0,No ignores data available
139d8568-ad3c-411c-9286-063a93bed80d,ToDoList-java,025f3d47-401f-4d80-97f4-62d79e388ba7,freshdemo/java-goof:latest:/usr/local/tomcat/webapps/examples/WEB-INF/lib,0,No ignores data available
139d8568-ad3c-411c-9286-063a93bed80d,ToDoList-java,75d7f6e9-b9b1-4974-a77e-390de16118e9,freshdemo/java-goof:latest:/usr/local/tomcat/bin,0,No ignores data available
139d8568-ad3c-411c-9286-063a93bed80d,ToDoList-java,9ce700c3-92bd-45ad-8341-ecdace28051d,Development/java-goof:todolist-goof/k8s/noegress.yaml,0,No ignores data available
139d8568-ad3c-411c-9286-063a93bed80d,ToDoList-java,a17f3713-39c7-490c-afef-b47716d21718,Development/java-goof:todolist-goof/k8s/java-goof3.yaml,0,No ignores data available
139d8568-ad3c-411c-9286-063a93bed80d,ToDoList-java,a84dfa38-cd26-4baa-afea-c78df62dbbb8,Development/java-goof:todolist-goof/k8s/metallb-config.yaml,0,No ignores data available
139d8568-ad3c-411c-9286-063a93bed80d,ToDoList-java,8bc8933a-b7af-419c-bd51-0f00d1e6c028,Development/java-goof,0,No ignores data available
139d8568-ad3c-411c-9286-063a93bed80d,ToDoList-java,6a7608dd-01f1-48f2-85c7-08e9e641ee1c,Development/java-goof:log4shell-goof/log4shell-client/pom.xml,0,No ignores data available
139d8568-ad3c-411c-9286-063a93bed80d,ToDoList-java,5d181387-2889-4bde-b72d-68b384988c1d,Development/java-goof:todolist-goof/k8s/java-goof2.yaml,0,No ignores data available
139d8568-ad3c-411c-9286-063a93bed80d,ToDoList-java,0f39a50f-186f-49a0-9c3d-5c5b3df83131,Development/java-goof:todolist-goof/k8s/calico.yaml,0,No ignores data available
139d8568-ad3c-411c-9286-063a93bed80d,ToDoList-java,55057b92-cb79-41d7-b611-05b91273c550,Development/java-goof:todolist-goof/k8s/java-goof.yaml,0,No ignores data available
139d8568-ad3c-411c-9286-063a93bed80d,ToDoList-java,de917ec9-caf1-4d66-965b-ad0f2ce7db47,Development/java-goof:todolist-goof/todolist-web-struts/pom.xml,1,"ID: SNYK-JAVA-ORGAPACHELOGGINGLOG4J-2314720, Reason: No reason provided, Expires: Never, Created: Unknown"
139d8568-ad3c-411c-9286-063a93bed80d,ToDoList-java,7c06a4e1-17a4-4896-b8b5-d8d0d5e368fd,Development/java-goof:todolist-goof/todolist-web-common/pom.xml,0,No ignores data available
139d8568-ad3c-411c-9286-063a93bed80d,ToDoList-java,b0c75b48-326e-47a5-8c50-c162041677e5,Development/java-goof:todolist-goof/todolist-core/pom.xml,0,No ignores data available
139d8568-ad3c-411c-9286-063a93bed80d,ToDoList-java,c2d53663-157c-4538-bf85-404c1bf09227,Development/java-goof:todolist-goof/pom.xml,0,No ignores data available
139d8568-ad3c-411c-9286-063a93bed80d,ToDoList-java,e09ae7f5-3ee1-4e47-83ab-07b6e1c97a14,Development/java-goof:log4shell-goof/log4shell-server/pom.xml,0,No ignores data available
139d8568-ad3c-411c-9286-063a93bed80d,ToDoList-java,e6872b54-f5d7-46bc-bf49-b9ab3a56d2b7,Development/java-goof:todolist-goof/exploits/tomcat-rce/Dockerfile,0,No ignores data available
139d8568-ad3c-411c-9286-063a93bed80d,ToDoList-java,4d367c00-e313-4d00-b88e-290866eb0a69,Development/java-goof:todolist-goof/Dockerfile,0,No ignores data available
139d8568-ad3c-411c-9286-063a93bed80d,ToDoList-java,9c78c79a-ff22-4cef-9c26-b0ed75f52054,Development/java-goof:log4shell-goof/log4shell-server/Dockerfile,0,No ignores data available
139d8568-ad3c-411c-9286-063a93bed80d,ToDoList-java,9688fb01-834f-4d3f-86c8-e36a7e9e9bf6,Development/java-goof:log4shell-goof/log4shell-server/k8s/deploy.yaml,0,No ignores data available
a301d0f9-7681-499a-8227-73483a3ee3a3,ToDoList-node,1493c18f-a0fc-4d81-850b-df0f64dfa3cc,goof,0,No ignores data available
a301d0f9-7681-499a-8227-73483a3ee3a3,ToDoList-node,285bf8a5-96eb-4ec6-b517-de71e19cbf09,docker-image|northamerica-northeast2-docker.pkg.dev/snyk-cx-se-demo/sperciballi-registry/node-goof:/usr/src/goof/package.json,0,No ignores data available
a301d0f9-7681-499a-8227-73483a3ee3a3,ToDoList-node,fed9b68d-6897-4820-8a17-d2b79ded527c,docker-image|northamerica-northeast2-docker.pkg.dev/snyk-cx-se-demo/sperciballi-registry/node-goof,0,No ignores data available
a301d0f9-7681-499a-8227-73483a3ee3a3,ToDoList-node,65902f54-1d26-4630-9ee9-73b984ecb11f,Development/node-goof:package.json,0,No ignores data available
a301d0f9-7681-499a-8227-73483a3ee3a3,ToDoList-node,12626a73-416b-4c40-a273-753cb76d3a8f,Development/node-goof:Dockerfile,0,No ignores data available
a301d0f9-7681-499a-8227-73483a3ee3a3,ToDoList-node,ce98c7d5-aa36-422d-b8e9-900b1c2c62ae,Development/node-goof,0,No ignores data available
a301d0f9-7681-499a-8227-73483a3ee3a3,ToDoList-node,6911706b-193b-4739-98aa-55030222c54f,goof,0,No ignores data available
3933291b-8cbf-42bc-a901-12e23f169336,workshop,56b61c5d-e9b7-459b-9804-8fc330636a0c,docker-image|freshdemo/juice-shop-github-dockerhub-gke:/juice-shop/frontend/package.json,0,No ignores data available
3933291b-8cbf-42bc-a901-12e23f169336,workshop,dbb59b95-9ef8-40b7-94e7-d58b3aa9caa2,docker-image|freshdemo/juice-shop-github-dockerhub-gke:/juice-shop/build/package.json,0,No ignores data available
3933291b-8cbf-42bc-a901-12e23f169336,workshop,ea8e27e8-42b3-4e21-9b60-9f27c8a5c591,docker-image|freshdemo/juice-shop-github-dockerhub-gke:/juice-shop/package.json,0,No ignores data available
3933291b-8cbf-42bc-a901-12e23f169336,workshop,342d24c6-f579-4926-b327-9e0bddd8740c,docker-image|freshdemo/juice-shop-github-dockerhub-gke,0,No ignores data available
3933291b-8cbf-42bc-a901-12e23f169336,workshop,6c78ae91-8a53-477d-b019-4be88e52bc4f,juice-shop,0,No ignores data available
